id,aplicacion,sistema_operativo,es_gratuita,anio_lanzamiento,descargas,puntuacion_tienda
1,Trippledex,Windows Phone,TRUE,2009,3360878,9
2,Span,iOS,TRUE,2020,18384530,8.6
3,Tampflex,Windows Phone,TRUE,2006,2359494,5
4,Home Ing,Todos,FALSE,2007,25927566,4.6
5,Job,iOS,TRUE,20018,18374353,8.1
6,Keylex,Todos,FALSE,2013,5825831,9.6
7,Stim,Android,TRUE,2015,24407272,7.6
8,Voltsillam,Windows Phone,TRUE,2006,23485438,7.4
9,Span,Android,FALSE,2020,5011043,1.7
10,Tres-Zap,Windows Phone,TRUE,2005,4834475,5
11,Transcof,iOS,FALSE,2016,9949462,4.1
12,Tampflex,Todos,FALSE,2016,18868097,4.8
13,Vagram,Todos,FALSE,2011,3576894,6.8
14,Fix San,iOS,TRUE,20100,28301307,1.1
15,Bitwolf,Todos,TRUE,2010,23700,7.1
16,Subin,Android,TRUE,2016,23422999,3.5
17,Aerified,iOS,TRUE,2011,13158460,3.5
18,Wrapsafe,iOS,TRUE,2008,28296758,7.5
19,Namfix,Android,TRUE,2011,1419751,2.4
20,Voltsillam,Todos,FALSE,2013,25963292,10
21,Tresom,Todos,TRUE,2018,1337046,3.9
22,Voltsillam,Todos,FALSE,2009,2432996,7.4
23,Asoka,Windows Phone,TRUE,2009,5342896,7.6
24,,Android,FALSE,2013,4394137,2.4
25,Zontrax,iOS,TRUE,2012,8356598,9
26,Fintone,Windows Phone,FALSE,2005,7663754,2
27,Flexidy,Android,TRUE,2009,17715328,8.9
28,,Windows Phone,TRUE,2013,,1.1
29,Tampflex,Todos,TRUE,2009,5869878,8.5
30,Y-find,Windows Phone,TRUE,2008,14254613,5
31,Andalax,Todos,FALSE,2009,16821100,6.9
32,Pannier,Todos,FALSE,2018,14997312,3.2
33,Pannier,Todos,FALSE,2013,15626305,7.3
34,Bamity,Todos,TRUE,2019,8990450,6.9
35,Voltsillam,Android,FALSE,2007,2176648,7.7
36,Biodex,Windows Phone,FALSE,2019,1359992,6.8
37,Fintone,Todos,FALSE,2010,12248129,8.5
38,Latlux,iOS,TRUE,2013,2495705,7.6
39,Bitchip,Windows Phone,TRUE,2018,2437415,4.9
40,Bitwolf,Android,TRUE,2009,850110,5.2
41,Lotlux,Android,FALSE,2018,6206936,5.9
42,Bitwolf,Windows Phone,FALSE,2015,902565,2.9
43,Zamit,iOS,FALSE,2013,28950436,5.8
44,It,Android,FALSE,2018,7875556,9.8
45,Bigtax,Android,TRUE,2017,19086617,7.2
46,Konklux,iOS,FALSE,2014,3577507,7.5
47,Keylex,Windows Phone,FALSE,2010,11238059,5.4
48,,Windows Phone,FALSE,2016,5926991,8.5
49,Stim,Todos,FALSE,2011,5655906,1.3
50,Asoka,Todos,TRUE,2016,17040119,2.7
51,Sonsing,Android,TRUE,2011,28791466,7.9
52,Quo Lux,iOS,FALSE,2005,13701231,6.7
53,Zoolab,iOS,TRUE,2009,17170117,5.6
54,Home Ing,Android,FALSE,2014,14346851,5.5
55,Greenlam,Windows Phone,TRUE,2014,14945654,2.9
56,Voltsillam,Android,TRUE,2017,6565833,9.8
57,Duobam,iOS,FALSE,2016,28332250,3.9
58,Alpha,,TRUE,2015,10746661,
59,Zamit,,TRUE,2009,12887365,
60,Temp,Todos,TRUE,2018,7064986,6.6
61,Lotlux,Todos,FALSE,2010,3569913,4.8
62,Zamit,Windows Phone,FALSE,2009,,4.7
63,Daltfresh,Windows Phone,FALSE,2006,29027941,3.3
64,Tampflex,Android,TRUE,2016,,9.8
65,Zamit,iOS,TRUE,2006,3665282,3.6
66,Transcof,iOS,FALSE,2008,3190379,3.2
67,Tampflex,iOS,TRUE,2016,19895816,6.3
68,Bytecard,Android,TRUE,2008,9733176,6.5
69,Bytecard,Todos,FALSE,2007,19911660,5.3
70,Wrapsafe,,TRUE,2007,25300877,
71,Regrant,Windows Phone,FALSE,2005,15524217,5.8
72,Y-Solowarm,Android,TRUE,2011,14042611,8.3
73,Stringtough,Android,FALSE,2017,6889834,7.8
74,Transcof,Android,TRUE,2012,14991285,6.3
75,Treeflex,,FALSE,2007,4830833,
76,Sonair,Android,TRUE,2020,24028014,7.7
77,Konklux,Android,TRUE,2005,1470121,8.1
78,Tres-Zap,,TRUE,2007,25472164,
79,Hatity,Todos,FALSE,2011,27774107,8.3
80,Toughjoyfax,Android,FALSE,2010,4350348,1.5
81,Tresom,Todos,TRUE,2014,24565050,2.7
82,Flowdesk,iOS,TRUE,2007,12044251,6.2
83,Zaam-Dox,Todos,TRUE,2017,11500635,6
84,Greenlam,Todos,TRUE,2014,24314942,1.1
85,Y-Solowarm,Android,FALSE,2015,9393848,3.3
86,Zoolab,iOS,TRUE,2015,20778586,7.1
87,Bitwolf,iOS,FALSE,2007,19538632,2.5
88,Flexidy,iOS,TRUE,2009,9026814,9.7
89,Tampflex,iOS,TRUE,2018,26384183,7
90,Holdlamis,iOS,FALSE,2012,2887207,9.7
91,Duobam,Todos,FALSE,2017,,5.7
92,Zamit,,FALSE,2007,,
93,Fixflex,Android,TRUE,2005,19480002,5.6
94,Cookley,Todos,FALSE,2011,15267292,7.6
95,Flexidy,Todos,FALSE,2006,5453030,9.6
96,Fixflex,Android,TRUE,2005,19070847,4.4
97,Quo Lux,Windows Phone,TRUE,2007,9244518,9.1
98,Holdlamis,Android,FALSE,2008,10777582,1.3
99,Overhold,Windows Phone,TRUE,2017,22164110,8.7
100,Lotlux,Todos,TRUE,2013,7544479,5
101,Fixflex,Windows Phone,FALSE,2007,20393339,3
102,Transcof,iOS,FALSE,2018,14097226,2.2
103,Sonsing,Todos,TRUE,2020,10130333,9.5
104,Trippledex,Todos,TRUE,2010,9502845,2.5
105,Flowdesk,iOS,TRUE,2020,1246450,8.9
106,Tres-Zap,Windows Phone,TRUE,2020,26798604,4.7
107,Temp,Todos,FALSE,2009,4316256,7.7
108,Stim,Todos,TRUE,2015,16431479,2.3
109,Stim,iOS,FALSE,2009,20410865,1.9
110,Bigtax,iOS,TRUE,2017,22202854,9.3
111,Hatity,Todos,TRUE,2014,6508427,4.1
112,Duobam,Windows Phone,TRUE,2015,16917323,9.6
113,Ronstring,Windows Phone,FALSE,2007,805506,8.2
114,Sonair,,TRUE,2018,8255230,
115,Sub-Ex,Todos,FALSE,2010,1560121,2.6
116,Biodex,iOS,TRUE,2013,4567804,1.9
117,Zathin,iOS,FALSE,2009,28007092,1.2
118,Y-find,Todos,TRUE,2005,20059810,7.1
119,Ventosanzap,iOS,FALSE,2007,4440006,1.5
120,Pannier,Todos,FALSE,2006,15558309,7
121,Opela,iOS,TRUE,2005,18515816,2
122,Lotstring,iOS,TRUE,2020,25226186,4.5
123,Stronghold,Windows Phone,FALSE,2011,12744813,1.4
124,Toughjoyfax,Windows Phone,FALSE,2005,18878448,1.1
125,Fix San,iOS,FALSE,2015,24182109,9.3
126,Cardguard,Windows Phone,FALSE,2006,575456,6.4
127,Bitchip,Android,FALSE,2014,5265013,4.1
128,Tempsoft,,TRUE,2016,19273513,
129,Voltsillam,iOS,TRUE,2012,22915599,5.2
130,Voltsillam,Android,FALSE,2017,14530016,7.5
131,Subin,Todos,TRUE,2020,9236057,9.1
132,Subin,,TRUE,2009,17684710,
133,Voltsillam,Todos,TRUE,2016,7526239,6.9
134,Konklab,Windows Phone,TRUE,2011,17926988,8.9
135,Veribet,Windows Phone,TRUE,2011,10586153,6.6
136,Tempsoft,Windows Phone,TRUE,2006,23828852,6.3
137,Zontrax,Android,TRUE,2020,29680118,9.9
138,Ronstring,Windows Phone,FALSE,2016,20086480,6.9
139,Tin,Windows Phone,FALSE,2009,9020986,3.7
140,Stronghold,Android,FALSE,2018,,9.6
141,Holdlamis,Todos,FALSE,2014,6648322,2.7
142,Matsoft,Android,FALSE,2006,1128147,3.6
143,Y-Solowarm,iOS,FALSE,2014,20089572,5.4
144,Zathin,Android,TRUE,2010,18532480,7.4
145,Cardify,Windows Phone,FALSE,2018,19146362,8.7
146,Tin,Windows Phone,TRUE,2012,13162471,9.4
147,Ronstring,Android,FALSE,2015,17219443,8.4
148,Temp,Windows Phone,FALSE,2006,,6.1
149,Asoka,Android,FALSE,2020,25543829,3.5
150,Zaam-Dox,Todos,FALSE,2011,10789425,9.3
151,Span,Todos,FALSE,2013,12482962,6.7
152,Temp,Windows Phone,FALSE,2020,,1.1
153,Y-Solowarm,Windows Phone,TRUE,2018,2663871,9.9
154,It,Windows Phone,TRUE,2014,1262038,3
155,Zathin,Android,FALSE,2017,13665422,5.6
156,Overhold,Android,FALSE,2013,13127210,3.8
157,Bamity,iOS,TRUE,2019,803631,6
158,Prodder,Todos,TRUE,2014,23943036,2.7
159,Stronghold,Windows Phone,FALSE,2015,24280553,8.2
160,Gembucket,Android,TRUE,2006,27472451,3.8
161,Hatity,,FALSE,2020,3230475,
162,Zathin,Todos,FALSE,2012,13659419,8.1
163,Solarbreeze,Windows Phone,TRUE,2016,28694867,3.5
164,Stim,Windows Phone,FALSE,2020,3855190,4
165,Sonair,Windows Phone,TRUE,2014,2883380,6.4
166,Tampflex,Android,TRUE,2008,2635298,7.2
167,Konklux,Android,TRUE,2012,1585142,7.6
168,Aerified,Android,TRUE,2005,5945514,8.2
169,Aerified,Todos,FALSE,2012,28846253,5.1
170,Overhold,Android,TRUE,2013,17210538,7.2
171,Pannier,Todos,FALSE,2007,8954135,6.8
172,Lotstring,Android,FALSE,2013,21960129,2.3
173,Latlux,Todos,FALSE,2005,26342948,2.2
174,Veribet,Android,TRUE,2014,14066203,5.1
175,Cardify,Todos,TRUE,2005,27872265,7.9
176,Zaam-Dox,iOS,FALSE,2020,4082760,8.1
177,Sonsing,Android,FALSE,2018,11862986,9.4
178,Pannier,Android,FALSE,2013,1254976,1.3
179,Zamit,iOS,TRUE,2016,18718485,3.3
180,Zamit,Android,FALSE,2016,25539407,8.3
181,Tresom,Todos,TRUE,2005,26332129,2.8
182,Temp,Windows Phone,FALSE,2019,22145685,7.7
183,Voyatouch,iOS,FALSE,2014,10663856,8.7
184,Andalax,iOS,FALSE,2020,6464851,6
185,Fintone,Android,TRUE,2019,25651309,3
186,Kanlam,iOS,FALSE,2011,17850388,9.7
187,Konklux,Android,TRUE,2016,12678633,7.6
188,Andalax,Todos,TRUE,2019,28268466,7.6
189,Holdlamis,Windows Phone,FALSE,2015,,4.5
190,Namfix,Windows Phone,TRUE,2005,24880095,5.9
191,Bitchip,iOS,FALSE,2006,22274605,8
192,,Android,FALSE,2016,15065898,8.4
193,Otcom,Android,TRUE,2016,11535320,9.9
194,Regrant,Android,FALSE,2013,20507604,4.8
195,Veribet,Android,TRUE,2013,29747806,8.9
196,Tempsoft,iOS,FALSE,2018,15075386,7.6
197,Pannier,Android,TRUE,2015,23725549,1.6
198,Andalax,Android,TRUE,2008,1338652,9.1
199,Fixflex,iOS,TRUE,2011,13186170,3.4
200,Home Ing,iOS,FALSE,2008,16337509,9.3
201,Transcof,iOS,TRUE,2011,17392276,4.2
202,Wrapsafe,Android,TRUE,2011,23560447,8.5
203,Quo Lux,iOS,TRUE,2012,13312515,2.9
204,Alphazap,iOS,TRUE,2019,11591645,1
205,Fix San,Windows Phone,FALSE,2017,27576493,7
206,Daltfresh,,TRUE,2012,26403706,
207,Kanlam,iOS,FALSE,2016,22141324,6.1
208,Pannier,Android,TRUE,2014,14898832,2.2
209,Cookley,iOS,TRUE,2017,6912548,5
210,Y-Solowarm,Android,TRUE,2018,19008983,7.7
211,Lotlux,iOS,TRUE,2014,14643225,5.2
212,Greenlam,Todos,FALSE,2020,9909192,6
213,Overhold,Windows Phone,TRUE,2009,5632066,1.4
214,Voltsillam,Android,TRUE,2012,8877369,8.9
215,Rank,Android,FALSE,2017,23153337,4.6
216,Sonsing,Todos,FALSE,2018,13663377,3.8
217,Flowdesk,iOS,TRUE,2009,14257036,3.8
218,Treeflex,Todos,FALSE,2008,3748594,3.5
219,Span,iOS,TRUE,2006,12031596,5.9
220,Cardguard,,TRUE,2016,24108149,
221,Sub-Ex,Windows Phone,FALSE,2018,13763154,1.9
222,Sonair,iOS,FALSE,2009,12626844,6.3
223,Fix San,iOS,TRUE,2016,13111004,4.5
224,Veribet,Android,FALSE,2005,27487595,3.3
225,Fix San,iOS,TRUE,2017,13347686,6.5
226,Opela,Todos,TRUE,2009,17057768,4
227,It,Todos,TRUE,2018,3315609,3.4
228,Bamity,Todos,TRUE,2017,9398400,6.6
229,Tempsoft,Android,FALSE,2014,15427310,3.1
230,Y-find,Todos,TRUE,2016,24965954,8.5
231,Flowdesk,Android,TRUE,2007,21025587,8.5
232,Namfix,,TRUE,2010,17811964,
233,Kanlam,Todos,FALSE,2020,59421,2.9
234,Cardify,Todos,TRUE,2014,23746460,8.7
235,Flexidy,Windows Phone,FALSE,2011,27583296,6.7
236,Fix San,Android,TRUE,2009,7134877,6.9
237,Tampflex,Android,FALSE,2011,20554211,5.7
238,Holdlamis,Android,FALSE,2009,27816331,1.4
239,Mat Lam Tam,Todos,FALSE,2018,2241262,7.7
240,Flowdesk,Windows Phone,FALSE,2011,6918187,5.9
241,Biodex,iOS,FALSE,2007,19566300,4.9
242,Aerified,Todos,FALSE,2006,24109604,4.1
243,Wrapsafe,Todos,TRUE,2007,26212643,4.4
244,Tresom,iOS,TRUE,2006,7608638,6.1
245,Hatity,Todos,TRUE,2015,15924355,2.4
246,Stronghold,Android,TRUE,2019,4547740,1
247,Biodex,Android,FALSE,2015,15430352,3.3
248,Bitchip,Android,TRUE,2006,29863287,6.5
249,Span,Windows Phone,TRUE,2016,,8.1
250,Bitchip,Android,TRUE,2013,19553043,6.4
251,Rank,Android,TRUE,2014,10403675,4.7
252,Gembucket,Android,TRUE,2016,15060704,7.9
253,,iOS,TRUE,2018,20027452,2.4
254,Toughjoyfax,Android,TRUE,2008,19047786,6.8
255,Zaam-Dox,Android,FALSE,2012,22494296,5.7
256,Namfix,Windows Phone,FALSE,2010,16244428,2.2
257,Domainer,Windows Phone,TRUE,2011,7625725,2.6
258,Konklab,Todos,FALSE,2009,8601740,1.3
259,Tres-Zap,Android,FALSE,2017,,6.1
260,Job,Todos,TRUE,2006,26338866,2.6
261,Span,Android,FALSE,2015,6068348,6.7
262,Tin,Windows Phone,TRUE,2016,18855200,1.1
263,Bitchip,Todos,FALSE,2018,22511552,4.1
264,Regrant,Windows Phone,FALSE,2010,11945227,6.4
265,Alpha,Windows Phone,TRUE,2007,23527532,1.9
266,Cookley,Windows Phone,TRUE,2014,19256652,1.8
267,Stronghold,Windows Phone,TRUE,2020,18535282,6.8
268,Span,iOS,TRUE,2006,21375950,9.2
269,Ventosanzap,Android,FALSE,2018,5196655,3.6
270,Job,Todos,FALSE,2008,22321159,9.6
271,Tres-Zap,Android,TRUE,2005,14244447,5.5
272,Sonair,Android,TRUE,2006,25176395,9.2
273,Cardguard,Android,TRUE,2006,4613527,5.4
274,Konklab,Windows Phone,TRUE,2012,19477019,7
275,Duobam,Android,FALSE,2011,4397592,7
276,Andalax,iOS,FALSE,2010,27980776,3.1
277,Sonsing,Android,TRUE,2008,5278809,3.4
278,Otcom,Android,TRUE,2010,22173042,6.3
279,Zathin,Todos,FALSE,2011,11238550,5.2
280,Bigtax,Android,TRUE,2014,3042495,6.4
281,Holdlamis,iOS,TRUE,2013,13761865,5.4
282,Duobam,Android,FALSE,2006,15810887,2.1
283,Temp,,FALSE,2018,7146229,
284,Konklab,Android,FALSE,2009,1016850,9.1
285,Matsoft,iOS,TRUE,2017,1380398,8.9
286,Greenlam,Todos,FALSE,2005,13942265,1.7
287,Subin,iOS,FALSE,2006,3616120,3.4
288,Flowdesk,Windows Phone,TRUE,2019,2211140,8.1
289,Flowdesk,iOS,FALSE,2011,11205646,4.5
290,Y-Solowarm,Todos,TRUE,2013,23996183,3.6
291,Overhold,iOS,TRUE,2018,,9.7
292,Bytecard,iOS,FALSE,2009,9452035,4.8
293,Domainer,Windows Phone,FALSE,2013,27319816,8.8
294,Asoka,Todos,FALSE,2008,9031762,5.1
295,Duobam,iOS,FALSE,2016,16284823,5.3
296,Ronstring,,TRUE,2013,9230320,
297,Holdlamis,iOS,FALSE,2017,6465741,1
298,Opela,Windows Phone,TRUE,2014,29996403,7
299,Tampflex,iOS,TRUE,2008,26390019,7.5
300,Keylex,Windows Phone,TRUE,2020,4464183,7.4
301,Asoka,iOS,FALSE,2019,11912434,4
302,Lotstring,Android,TRUE,2008,14739281,4.1
303,Fintone,Windows Phone,TRUE,2011,24893290,2.3
304,Ronstring,Todos,TRUE,2019,24211358,3.8
305,Tin,Android,FALSE,2006,81739,2.7
306,Alpha,iOS,FALSE,2014,27338295,9.6
307,Regrant,Todos,FALSE,2010,13218572,8.9
308,Y-Solowarm,Windows Phone,TRUE,2017,6930085,4.4
309,Duobam,Windows Phone,TRUE,2007,15855390,4.7
310,Regrant,iOS,TRUE,2018,17327181,8.5
311,Y-find,Windows Phone,TRUE,2005,,3.5
312,Subin,Android,FALSE,2006,12195860,9.2
313,Fix San,Windows Phone,FALSE,2008,5750513,1.6
314,Overhold,Todos,TRUE,2013,12340413,5.5
315,Y-Solowarm,iOS,TRUE,2016,4598634,7.7
316,Flexidy,Todos,TRUE,2020,16005459,5.7
317,Konklux,Todos,FALSE,2008,26456859,6.1
318,Daltfresh,iOS,TRUE,2016,3535668,5.1
319,Tampflex,Todos,FALSE,2009,13095116,6.9
320,Domainer,Android,FALSE,2006,3533189,1.6
321,Opela,Android,FALSE,2017,22417399,4.5
322,Rank,Windows Phone,TRUE,2005,1455902,6.6
323,Opela,Windows Phone,FALSE,2009,16953529,2.6
324,Otcom,iOS,FALSE,2006,146949,8.1
325,Duobam,Todos,FALSE,2008,2239036,2
326,Viva,Windows Phone,TRUE,2009,16054834,6.7
327,Redhold,Windows Phone,TRUE,2010,6332938,7.1
328,Viva,Android,TRUE,2018,15033840,4.3
329,Keylex,Android,FALSE,2018,17679296,9
330,Stim,iOS,FALSE,2014,17667055,5.6
331,Subin,iOS,FALSE,2019,911063,5
332,Pannier,iOS,FALSE,2010,22147343,3.5
333,Bigtax,Todos,FALSE,2012,14962129,2.6
334,Tampflex,Windows Phone,FALSE,2019,28678026,9.9
335,Wrapsafe,Todos,TRUE,2005,10089432,1.5
336,It,Todos,TRUE,2016,8386676,2.1
337,Konklab,Android,FALSE,2018,21434494,3.8
338,Daltfresh,Windows Phone,FALSE,2009,27283339,1.5
339,Stim,,TRUE,2018,13872720,
340,Latlux,Android,FALSE,2015,18149786,4.3
341,Fixflex,Android,TRUE,2005,10756078,4.4
342,Domainer,Android,TRUE,2020,8144971,9.9
343,Tempsoft,Windows Phone,TRUE,2018,4953508,4.4
344,Alpha,Android,FALSE,2014,12703905,4
345,It,Todos,FALSE,2014,15158022,3.1
346,Sub-Ex,Android,TRUE,2005,18917467,3
347,Temp,Todos,FALSE,2012,,9.9
348,Fintone,iOS,FALSE,2014,17910588,1.7
349,Y-Solowarm,Android,FALSE,2013,3066372,5.3
350,Greenlam,Windows Phone,TRUE,2012,29294404,9.8
351,Pannier,iOS,TRUE,2012,13848874,5.1
352,Konklux,Android,TRUE,2020,5553485,9.4
353,Fixflex,Todos,TRUE,2011,15708647,5.8
354,Zoolab,Android,FALSE,2010,28803901,2
355,Pannier,Android,FALSE,2007,9140145,6.7
356,Fintone,Todos,TRUE,2015,7299463,3.3
357,Alphazap,Todos,TRUE,2016,22657987,7.4
358,Kanlam,iOS,TRUE,2010,22884434,4.3
359,Ronstring,Android,TRUE,2005,18800184,4.6
360,Latlux,Android,TRUE,2018,13807329,4.2
361,Ronstring,Android,FALSE,2018,6884917,4.2
362,Y-Solowarm,Android,FALSE,2016,12642447,7.1
363,Veribet,Todos,TRUE,2010,5311423,9.5
364,Span,iOS,FALSE,2019,14666592,5.7
365,Opela,Windows Phone,TRUE,2020,7635364,8.8
366,Daltfresh,Android,FALSE,2019,,8.5
367,Subin,iOS,TRUE,2017,25837597,6.7
368,Keylex,iOS,FALSE,2008,20743516,9.9
369,Duobam,iOS,TRUE,2020,29921313,7
370,Lotstring,Android,TRUE,2015,636890,8.5
371,Wrapsafe,Todos,FALSE,2015,20426015,7.8
372,Stronghold,Windows Phone,TRUE,2020,18952239,6.5
373,Sub-Ex,Todos,FALSE,2020,7604335,8.2
374,Otcom,,FALSE,2010,25380880,
375,Kanlam,Android,FALSE,2009,14207661,4.9
376,Sonsing,iOS,FALSE,2014,20292658,4.3
377,,Todos,FALSE,2018,4953548,2.5
378,Daltfresh,Android,TRUE,2015,13853847,4.8
379,Tempsoft,iOS,FALSE,2007,27719892,4.4
380,Otcom,Windows Phone,TRUE,2009,5598820,1.1
381,Tempsoft,,TRUE,2009,15166976,
382,Fixflex,Windows Phone,TRUE,2009,4401912,3.7
383,Keylex,Android,TRUE,2009,3526203,9.7
384,Voyatouch,iOS,TRUE,2012,26203291,3.6
385,Tres-Zap,Android,TRUE,2007,12266631,4.1
386,Redhold,Android,FALSE,2010,8088354,7.2
387,Toughjoyfax,Windows Phone,TRUE,2018,10102958,5.1
388,Vagram,Windows Phone,FALSE,2015,29267454,8.4
389,Asoka,,FALSE,2005,14754538,
390,Solarbreeze,Todos,TRUE,2018,4208241,1.6
391,Overhold,,TRUE,2014,25358635,
392,Domainer,iOS,FALSE,2015,15414003,2.2
393,Konklab,Android,TRUE,2017,19928748,7.9
394,Holdlamis,Todos,FALSE,2014,10106553,8.5
395,Toughjoyfax,Todos,TRUE,2012,597261,8.7
396,Lotlux,Windows Phone,FALSE,2010,1201216,4.4
397,Y-Solowarm,Todos,TRUE,2017,3708023,3.5
398,Voltsillam,Windows Phone,FALSE,2020,11690313,4.9
399,Konklux,Todos,FALSE,2010,25305126,3.4
400,Lotstring,iOS,FALSE,2014,542256,3.4
401,Alpha,iOS,TRUE,2007,7751155,2.9
402,Ronstring,Windows Phone,FALSE,2013,6256100,8.4
403,Namfix,iOS,FALSE,2019,22348075,5.3
404,Zoolab,Windows Phone,FALSE,2007,4402777,9.3
405,Rank,Todos,FALSE,2013,,4
406,Alphazap,iOS,TRUE,2017,6809647,8.5
407,Fintone,iOS,TRUE,2017,26163203,7.3
408,Asoka,Android,FALSE,2012,2634757,5.9
409,Redhold,Todos,FALSE,2017,8628780,6.5
410,Veribet,Todos,TRUE,2016,9084833,7.5
411,Treeflex,iOS,FALSE,2020,14339060,6.9
412,Flowdesk,Todos,TRUE,2020,9039637,7.2
413,Span,iOS,TRUE,2006,3710688,7.4
414,Stringtough,Windows Phone,TRUE,2008,9586288,7.2
415,Stim,Windows Phone,TRUE,2012,4236120,6.6
416,Job,Windows Phone,FALSE,2015,27765093,4.2
417,Tresom,Android,TRUE,2005,18799724,5.1
418,Y-Solowarm,,FALSE,2009,29515616,
419,Alpha,Windows Phone,FALSE,2012,25342299,3.7
420,Cookley,Windows Phone,FALSE,2017,6833326,8.7
421,Alpha,,TRUE,2020,19578707,
422,Temp,Windows Phone,TRUE,2005,27705546,5
423,Ventosanzap,Todos,TRUE,2015,9871714,6.8
424,Opela,Todos,TRUE,2010,12097166,3
425,Veribet,Todos,TRUE,2016,23756289,7.9
426,Trippledex,,TRUE,2008,457897,
427,Hatity,Windows Phone,FALSE,2010,28320380,4.6
428,Zoolab,Todos,TRUE,2020,12372970,3.4
429,Zaam-Dox,iOS,FALSE,2012,12878725,3.1
430,Tres-Zap,Android,TRUE,2020,,3.6
431,Solarbreeze,Android,FALSE,2011,10249056,7.4
432,Latlux,Windows Phone,FALSE,2006,20653322,7.4
433,Toughjoyfax,,TRUE,2020,4516925,
434,Stim,Android,FALSE,2015,25922146,5.4
435,Zoolab,Windows Phone,FALSE,2019,14513962,3.4
436,Fix San,iOS,FALSE,2018,2608499,8.5
437,Transcof,Todos,TRUE,2012,7508422,3.2
438,Holdlamis,Android,TRUE,2006,17111704,3.2
439,Konklab,,TRUE,2018,17089452,
440,Zontrax,iOS,TRUE,2020,18851943,2.3
441,Biodex,Todos,TRUE,2012,13480169,7.8
442,Cardguard,Todos,FALSE,2020,2757834,2.7
443,Kanlam,iOS,FALSE,2018,21872663,5.8
444,Domainer,Android,TRUE,2010,8047607,2.3
445,Transcof,Todos,FALSE,2012,13080223,7.7
446,Toughjoyfax,Windows Phone,TRUE,2013,11862273,3.7
447,Bitwolf,Windows Phone,FALSE,2015,29742041,9.5
448,Trippledex,Todos,TRUE,2015,14644658,8.3
449,Holdlamis,Windows Phone,FALSE,2013,16982102,7
450,Bitwolf,Windows Phone,FALSE,2012,29584226,4.6
451,Zathin,Todos,TRUE,2016,,9.4
452,Zoolab,Android,FALSE,2011,12772012,2.8
453,Pannier,,FALSE,2010,,
454,,Windows Phone,TRUE,2019,8636346,8.5
455,Bamity,Windows Phone,TRUE,2014,6457881,8.9
456,Prodder,Windows Phone,TRUE,2017,24269852,8
457,Ventosanzap,iOS,FALSE,2018,7420770,9.4
458,Otcom,iOS,FALSE,2019,28051079,3.8
459,Mat Lam Tam,Windows Phone,TRUE,2016,16478384,9.5
460,It,Android,TRUE,2006,2737910,6.5
461,Bitchip,iOS,TRUE,2011,2268739,1.7
462,Alpha,Todos,FALSE,2019,22172547,8.4
463,Opela,Windows Phone,FALSE,2018,22859244,1.7
464,,Todos,TRUE,2011,9461410,9.6
465,Zathin,Windows Phone,FALSE,2005,29178035,8.4
466,Span,iOS,TRUE,2010,19201180,7.9
467,Alpha,Todos,FALSE,2013,27473209,5.1
468,Rank,Windows Phone,TRUE,2009,29382528,1.2
469,Stronghold,Todos,FALSE,2016,19439265,7.2
470,Subin,Todos,FALSE,2016,,6.6
471,Stim,iOS,FALSE,2012,5594617,1.7
472,Redhold,,TRUE,2019,21730247,
473,Bigtax,Windows Phone,TRUE,2014,10138905,8.4
474,Lotstring,iOS,TRUE,2007,20753439,1.4
475,Alpha,Todos,TRUE,2011,19500525,8.3
476,It,Android,TRUE,2017,8029906,1.1
477,Otcom,Android,TRUE,2005,,1.9
478,Stim,Windows Phone,TRUE,2005,7644054,3.6
479,Overhold,Android,FALSE,2009,21876460,1.4
480,Zaam-Dox,iOS,FALSE,2012,3820598,8.1
481,It,iOS,FALSE,2005,8634236,2
482,Fixflex,Android,FALSE,2020,23575769,5.4
483,Zaam-Dox,iOS,FALSE,2010,4718668,5.2
484,Tempsoft,Todos,FALSE,2007,15280974,5.7
485,Kanlam,Todos,FALSE,2005,4855797,1.8
486,Solarbreeze,Todos,TRUE,2011,21023795,8.1
487,Temp,Todos,FALSE,2011,27554780,9.3
488,Konklab,Android,FALSE,2019,28738567,5.5
489,Y-find,Windows Phone,FALSE,2016,2453478,6.3
490,Zamit,Android,TRUE,2013,6793566,8.1
491,,iOS,FALSE,2012,1984312,4.4
492,Flexidy,Android,FALSE,2007,3320346,6.3
493,,Todos,FALSE,2008,28845196,9.9
494,Wrapsafe,Todos,TRUE,2014,21046517,6.2
495,Fintone,iOS,FALSE,2018,29924414,9.6
496,Home Ing,Windows Phone,TRUE,2020,13640085,7.3
497,Latlux,Windows Phone,TRUE,2018,23053741,8.2
498,,iOS,FALSE,2015,21493157,3.3
499,Toughjoyfax,Android,FALSE,2013,21058371,3.2
500,Tresom,Windows Phone,FALSE,2020,10742729,2.8
501,Zaam-Dox,iOS,FALSE,2011,261025,6.4
502,Home Ing,Windows Phone,FALSE,2011,4543403,7.5
503,Vagram,Android,FALSE,2014,17533201,4.7
504,Sonsing,Windows Phone,TRUE,2007,9428925,7.8
505,Tin,iOS,FALSE,2014,539296,6.5
506,Ventosanzap,Android,FALSE,2013,29308109,6.4
507,Span,iOS,FALSE,2019,2551956,5.7
508,Zaam-Dox,Windows Phone,FALSE,2005,22747619,9.9
509,Cardify,Windows Phone,TRUE,2010,14799029,3.4
510,Zoolab,Android,TRUE,2007,18746526,5
511,Aerified,Windows Phone,FALSE,2018,26044875,9
512,Prodder,Windows Phone,TRUE,2006,16513416,8.5
513,Keylex,iOS,TRUE,2018,14445662,9.5
514,Lotstring,Todos,FALSE,2012,6097096,9.6
515,Regrant,Windows Phone,TRUE,2006,198524,8.8
516,Biodex,Windows Phone,TRUE,2012,15697763,7.6
517,Bigtax,Windows Phone,TRUE,2012,,7.3
518,Voyatouch,Todos,TRUE,2012,15405434,8.1
519,Duobam,Android,TRUE,2008,21303858,2.5
520,Opela,Android,TRUE,2009,26367576,1.5
521,Zathin,Windows Phone,FALSE,2013,2134545,1.8
522,Aerified,iOS,TRUE,2012,16063757,8.7
523,Y-find,Todos,TRUE,2011,6184261,7.8
524,Tres-Zap,Todos,TRUE,2015,12410973,9.7
525,Y-Solowarm,Todos,FALSE,2009,10385854,3
526,Job,Android,TRUE,2017,25442437,6.3
527,Tempsoft,Todos,TRUE,2015,6097616,6.6
528,Viva,Windows Phone,FALSE,2011,17670762,9.1
529,Holdlamis,Todos,TRUE,2012,10198897,3.4
530,Zamit,iOS,FALSE,2020,,1.3
531,Latlux,iOS,FALSE,2019,18286533,8.9
532,It,Todos,FALSE,2012,19412029,9.7
533,Lotstring,Windows Phone,TRUE,2017,9434668,8.4
534,Bitchip,Todos,FALSE,2016,1114972,1.9
535,Ronstring,iOS,TRUE,2016,10756206,3.7
536,Stringtough,iOS,FALSE,2011,14123229,6.7
537,Fintone,Android,FALSE,2009,29939031,3.3
538,Cardguard,Todos,TRUE,2009,5389691,1.5
539,Pannier,iOS,FALSE,2018,,1.1
540,Sonair,Windows Phone,TRUE,2011,7675579,6.5
541,Bigtax,Todos,FALSE,2006,,2
542,Tempsoft,,TRUE,2007,21827170,
543,Wrapsafe,Android,TRUE,2010,21856971,4.7
544,Overhold,iOS,TRUE,2011,28775906,6.1
545,Greenlam,Todos,FALSE,2020,2423874,7
546,Sonsing,iOS,TRUE,2011,4554343,6.4
547,Lotlux,Windows Phone,FALSE,2019,20650710,8.4
548,Overhold,Android,TRUE,2020,4920114,6
549,Alpha,Android,TRUE,2018,20410114,3.2
550,Temp,iOS,TRUE,2018,5794743,7.2
551,Matsoft,Todos,TRUE,2006,24002982,8.3
552,Vagram,Todos,TRUE,2019,10639815,3.4
553,Bitchip,Android,TRUE,2014,4176306,4
554,Konklux,Windows Phone,FALSE,2016,28691294,6.9
555,Voyatouch,iOS,FALSE,2019,23870447,6.9
556,Zontrax,iOS,TRUE,2010,26506600,9.2
557,Home Ing,Windows Phone,TRUE,2012,17485859,8.1
558,Keylex,Todos,TRUE,2020,20601949,2
559,Bitchip,Windows Phone,FALSE,2011,3610804,6.3
560,Lotstring,Todos,FALSE,2011,5992948,9.9
561,,Android,FALSE,2017,17878201,4.3
562,Keylex,iOS,TRUE,2007,4734718,6
563,Solarbreeze,iOS,TRUE,2017,1402688,9
564,Otcom,Todos,FALSE,2012,27057249,9.6
565,Alpha,Windows Phone,FALSE,2006,19313304,6.5
566,Sub-Ex,Windows Phone,FALSE,2013,,6.2
567,Stringtough,Android,FALSE,2019,6968155,8.2
568,Konklux,Android,FALSE,2018,8170730,5.1
569,It,Todos,FALSE,2018,6596907,6.7
570,Transcof,iOS,FALSE,2013,,9.9
571,Zathin,Todos,FALSE,2013,23816192,9.9
572,Kanlam,Windows Phone,FALSE,2008,14877734,9.2
573,Solarbreeze,Windows Phone,FALSE,2008,21432073,4.3
574,Ronstring,Todos,TRUE,2006,26706317,1.4
575,Alpha,,FALSE,2018,6625472,
576,Kanlam,Android,FALSE,2007,21880186,1.9
577,Sub-Ex,iOS,FALSE,2018,16713520,5.8
578,Otcom,Android,FALSE,2013,21576248,8.8
579,,iOS,FALSE,2010,6892355,4.2
580,Temp,iOS,FALSE,2019,21775105,6.7
581,Zaam-Dox,iOS,FALSE,2018,22267423,2
582,Domainer,Todos,FALSE,2010,633750,1.2
583,Holdlamis,Todos,TRUE,2017,9955186,10
584,Rank,iOS,TRUE,2018,9407436,2.8
585,Sub-Ex,Windows Phone,TRUE,2006,22984159,9.5
586,Treeflex,iOS,TRUE,2005,26161545,1.2
587,Tampflex,Todos,TRUE,2019,7732956,3.6
588,Greenlam,iOS,TRUE,2006,23302083,4.3
589,Cookley,iOS,TRUE,2020,17840357,6.2
590,Y-find,iOS,FALSE,2014,10767835,4
591,It,iOS,TRUE,2012,18775174,7
592,Zamit,Windows Phone,TRUE,2020,27782452,1.3
593,Quo Lux,Android,FALSE,2011,10873249,7.6
594,Ventosanzap,iOS,FALSE,2014,7766097,2.2
595,Gembucket,Android,TRUE,2012,9794357,2.2
596,Quo Lux,iOS,TRUE,2020,27605812,4.3
597,Zontrax,Windows Phone,FALSE,2012,,1.8
598,Keylex,Android,FALSE,2013,7210994,6.8
599,Y-Solowarm,Windows Phone,FALSE,2005,26359386,9.4
600,Sub-Ex,Android,TRUE,2009,27386637,5.4
601,Duobam,Android,FALSE,2007,20992985,3.4
602,Alphazap,Todos,TRUE,2011,10883438,7.6
603,Redhold,iOS,TRUE,2011,4330195,2.3
604,Toughjoyfax,Windows Phone,FALSE,2008,13639444,6.7
605,Fix San,Android,FALSE,2019,1417702,8.6
606,Sonsing,Todos,FALSE,2018,19101165,1.1
607,,Todos,TRUE,2008,1557907,5.1
608,Tempsoft,Windows Phone,FALSE,2016,6104138,9.1
609,Zathin,Android,TRUE,2007,12444898,7.8
610,Hatity,Windows Phone,FALSE,2016,25717095,1.2
611,Asoka,Windows Phone,TRUE,2007,1451795,4.3
612,Otcom,Windows Phone,FALSE,2015,15249007,9.7
613,Span,Android,TRUE,2020,24741150,5.7
614,Zamit,iOS,FALSE,2017,16539240,2.6
615,Andalax,Windows Phone,FALSE,2010,24684397,6.7
616,Tres-Zap,Windows Phone,FALSE,2005,9444621,2.9
617,Home Ing,iOS,FALSE,2020,7203824,3.7
618,Flowdesk,Android,TRUE,2010,20651397,8.1
619,Zathin,Windows Phone,TRUE,2014,12908712,1.4
620,Keylex,Android,TRUE,2019,22086513,5.6
621,Latlux,Android,FALSE,2008,23732596,1.3
622,Voyatouch,Todos,FALSE,2014,2019160,5.5
623,Cardify,Todos,TRUE,2008,12650703,3.2
624,Tres-Zap,Todos,TRUE,2005,8811474,5.2
625,Gembucket,iOS,FALSE,2020,24673931,6.8
626,Sonair,iOS,FALSE,2008,3393909,9.7
627,It,Android,TRUE,2007,15114815,5.6
628,Home Ing,Todos,TRUE,2014,7002001,5.5
629,Pannier,iOS,FALSE,2009,9231668,6.6
630,Fintone,Windows Phone,FALSE,2020,17927890,1.9
631,Opela,iOS,TRUE,2008,9809334,3.9
632,Job,Windows Phone,FALSE,2014,14443943,2.2
633,Latlux,Todos,FALSE,2005,12242117,5.9
634,Fix San,Android,FALSE,2016,25999332,7
635,Bytecard,iOS,TRUE,2009,16218858,4
636,Veribet,Todos,FALSE,2006,5482990,4.1
637,Quo Lux,,FALSE,2016,12549945,
638,Stringtough,Android,FALSE,2020,3831426,8.9
639,Keylex,Android,TRUE,2012,12058493,7.7
640,Domainer,iOS,TRUE,2006,6388886,6.2
641,Andalax,iOS,FALSE,2019,21385921,2.8
642,Y-find,Windows Phone,FALSE,2020,26218457,9.3
643,Alpha,Android,TRUE,2006,16242801,5.9
644,Prodder,Todos,FALSE,2019,17177308,7.5
645,Zontrax,iOS,TRUE,2020,4549093,4
646,Latlux,Todos,FALSE,2005,528233,5.2
647,Daltfresh,Android,FALSE,2014,4309434,1.9
648,Temp,Windows Phone,FALSE,2012,,2.4
649,Quo Lux,Todos,FALSE,2008,10524528,1.2
650,Konklux,Windows Phone,FALSE,2005,24939748,8.1
651,Zoolab,Android,TRUE,2020,9883922,7.4
652,Andalax,Android,TRUE,2017,24734824,6.7
653,Treeflex,Windows Phone,TRUE,2006,19855853,3.5
654,Opela,Windows Phone,FALSE,2019,4086850,7.9
655,Bigtax,Windows Phone,TRUE,2019,5520592,7.4
656,Y-Solowarm,iOS,FALSE,2010,16046000,2.9
657,Sonsing,Windows Phone,FALSE,2018,,8.1
658,Konklux,Todos,TRUE,2009,,9.2
659,Fintone,Todos,TRUE,2005,4060173,5
660,Opela,Todos,TRUE,2013,22959169,4.6
661,Solarbreeze,Android,FALSE,2006,1557551,6.7
662,Asoka,Windows Phone,FALSE,2009,17777919,9.2
663,,Windows Phone,FALSE,2018,24097893,5
664,Quo Lux,iOS,FALSE,2010,21550822,2.4
665,Bigtax,Todos,TRUE,2013,23486081,8.5
666,Voyatouch,Windows Phone,FALSE,2020,7146282,2.3
667,Stronghold,Android,TRUE,2005,4710219,2.8
668,Vagram,Windows Phone,FALSE,2009,16655554,4
669,Sub-Ex,Todos,TRUE,2020,27085487,3.4
670,Rank,iOS,FALSE,2017,27925432,4.6
671,Zontrax,Todos,TRUE,2005,6546967,3.1
672,Latlux,Android,TRUE,2018,14742236,7.6
673,Redhold,Android,TRUE,2008,22331007,9.3
674,Treeflex,Todos,FALSE,2016,21898331,9.4
675,Otcom,Todos,TRUE,2008,13859284,3.9
676,Andalax,Android,TRUE,2008,1849765,6.7
677,Voltsillam,Windows Phone,TRUE,2013,28264471,4
678,,iOS,FALSE,2008,13766500,7.4
679,Job,Windows Phone,FALSE,2017,2392196,1.1
680,Sonair,Android,TRUE,2008,7232671,8.1
681,Sonair,iOS,TRUE,2013,10957285,3.2
682,Bigtax,Todos,TRUE,2017,18703454,2.2
683,Greenlam,Todos,TRUE,2006,2438752,7.5
684,Zaam-Dox,,FALSE,2005,23327132,
685,Zaam-Dox,Todos,TRUE,2006,25280250,4.6
686,Voltsillam,Todos,FALSE,2018,15660169,2.2
687,Sonair,iOS,FALSE,2012,27257556,7.2
688,Hatity,Windows Phone,TRUE,2018,1501906,2.9
689,Daltfresh,iOS,FALSE,2019,29724546,7.4
690,Lotlux,iOS,FALSE,2009,18739360,6.9
691,,Windows Phone,TRUE,2008,,2.8
692,Bigtax,Android,FALSE,2015,21156421,6.5
693,Fintone,iOS,FALSE,2016,17291218,3
694,Zoolab,iOS,TRUE,2006,14196662,3.3
695,Bigtax,Android,TRUE,2011,26048385,6.6
696,Otcom,iOS,FALSE,2018,28440592,7.3
697,Cardguard,iOS,TRUE,2012,3702836,9.4
698,Zoolab,iOS,TRUE,2006,8482657,8.1
699,Alpha,iOS,FALSE,2019,19946253,9.4
700,Pannier,iOS,TRUE,2010,8970707,2.7
701,Lotstring,Todos,TRUE,2009,25032365,4
702,Stim,iOS,TRUE,2009,15898393,1.4
703,Fixflex,Android,FALSE,2010,22648713,9.5
704,Bitwolf,Todos,FALSE,2015,13093957,1.2
705,Bigtax,Windows Phone,TRUE,2019,10023253,8.1
706,Namfix,Todos,TRUE,2017,,9.7
707,Stronghold,Windows Phone,TRUE,2019,7147976,8.7
708,Rank,,FALSE,2013,29922809,
709,Otcom,Android,TRUE,2017,24246813,8.7
710,It,iOS,FALSE,2007,20363477,6.7
711,Matsoft,Android,FALSE,2007,21719877,7
712,Biodex,Windows Phone,TRUE,2018,19818920,8
713,Lotlux,Todos,FALSE,2009,10497178,2.2
714,,iOS,FALSE,2006,27052220,5.4
715,Bitwolf,iOS,TRUE,2018,27302614,2.7
716,Tin,Todos,FALSE,2017,1039320,2.5
717,Alphazap,iOS,TRUE,2020,12953690,3.3
718,Duobam,Android,FALSE,2017,2977652,2.9
719,Home Ing,iOS,TRUE,2017,9251217,1
720,Holdlamis,iOS,FALSE,2015,12777970,9.3
721,Tempsoft,Todos,FALSE,2019,19826948,8.7
722,Pannier,Windows Phone,TRUE,2005,26960793,3.1
723,Quo Lux,,FALSE,2013,24723360,
724,Tampflex,Android,TRUE,2008,71781,7.7
725,Tempsoft,Windows Phone,FALSE,2018,12010374,5.7
726,Domainer,Windows Phone,FALSE,2015,14850258,4.4
727,Konklab,,FALSE,2018,17128407,
728,Transcof,Windows Phone,TRUE,2011,5238004,7.6
729,Keylex,Windows Phone,FALSE,2017,16236357,3.3
730,Tempsoft,Todos,TRUE,2007,21682990,7
731,Fix San,,FALSE,2009,17630069,
732,,Windows Phone,FALSE,2013,13658697,2.7
733,Alphazap,Android,TRUE,2008,6116117,8.4
734,Fintone,iOS,TRUE,2015,28152350,7.9
735,Cookley,Todos,TRUE,2017,23911662,4.1
736,Cookley,,FALSE,2007,12412797,
737,,Todos,FALSE,2017,10337998,4.4
738,Trippledex,Todos,FALSE,2005,27426891,3.6
739,Mat Lam Tam,Android,FALSE,2011,23279394,4.4
740,,Android,FALSE,2014,21903863,9.6
741,Cardguard,Todos,FALSE,2017,12789396,4
742,Span,Todos,FALSE,2017,4773769,8.6
743,Voltsillam,Windows Phone,TRUE,2015,,3.7
744,Bitchip,iOS,TRUE,2008,10612097,4.2
745,Mat Lam Tam,iOS,TRUE,2008,24424602,3.3
746,Opela,Windows Phone,FALSE,2005,12542569,1.9
747,Bitwolf,iOS,TRUE,2015,18463805,4.5
748,Tres-Zap,iOS,FALSE,2012,29509830,2.3
749,Sub-Ex,Windows Phone,TRUE,2011,18980897,8
750,Stringtough,Todos,TRUE,2008,15140150,6.8
751,Ventosanzap,Todos,FALSE,2012,,9.6
752,Duobam,Todos,TRUE,2013,27198484,6.2
753,Flowdesk,Todos,FALSE,2005,19868662,5.6
754,Y-find,Todos,FALSE,2007,8376562,1.2
755,Namfix,iOS,FALSE,2014,16587245,7
756,Rank,Android,TRUE,2008,7772840,4.7
757,Stronghold,Windows Phone,TRUE,2006,12042117,4
758,Hatity,Todos,FALSE,2011,6143500,4.3
759,Greenlam,Android,FALSE,2009,298510,2.7
760,Tresom,Windows Phone,TRUE,2010,12744829,9.1
761,Rank,Android,FALSE,2014,227523,7.7
762,Tampflex,Android,FALSE,2011,6749501,3.1
763,Opela,Android,FALSE,2018,8349200,5.1
764,Tampflex,Android,FALSE,2007,18729022,6.8
765,Toughjoyfax,Windows Phone,TRUE,2018,7737276,3.7
766,Alphazap,Todos,FALSE,2019,2104922,4.4
767,Overhold,Todos,TRUE,2020,12384349,9
768,Stringtough,Windows Phone,TRUE,2012,10878217,5.5
769,Lotstring,iOS,FALSE,2007,29097256,1.7
770,Greenlam,Android,FALSE,2020,2219731,2.2
771,Viva,iOS,FALSE,2013,26226687,9.9
772,Bigtax,Todos,TRUE,2019,22441066,9.1
773,Pannier,iOS,TRUE,2016,21360253,2
774,Flowdesk,Todos,TRUE,2008,13546546,3.6
775,Alphazap,Android,TRUE,2012,26264637,1.3
776,Namfix,Android,TRUE,2005,5431977,4.2
777,Asoka,Todos,TRUE,2010,26860827,3.3
778,Cardify,Windows Phone,FALSE,2006,7118790,2
779,Stringtough,Android,TRUE,2016,26592425,9.5
780,Zathin,Todos,FALSE,2018,2639905,4.3
781,Flexidy,Todos,FALSE,2013,23608731,9
782,Temp,Windows Phone,FALSE,2018,,5.6
783,Ventosanzap,Todos,TRUE,2013,29218964,4.3
784,Y-find,Android,TRUE,2006,23123966,4.6
785,Transcof,,FALSE,2009,12829975,
786,Lotstring,iOS,FALSE,2016,590414,6
787,Temp,Windows Phone,TRUE,2014,12744338,3.4
788,Sonsing,Windows Phone,TRUE,2008,23365434,4.1
789,,Android,FALSE,2011,25203381,5.9
790,Fix San,Todos,FALSE,2011,11616509,5
791,Voltsillam,iOS,TRUE,2009,5320869,8.1
792,Matsoft,Todos,TRUE,2016,994628,10
793,Voyatouch,iOS,FALSE,2014,7461011,1.4
794,Bamity,Windows Phone,FALSE,2005,18389720,6.6
795,Keylex,Android,TRUE,2019,640193,9.1
796,Fixflex,Android,FALSE,2007,,3
797,Prodder,Windows Phone,TRUE,2007,15290703,9.1
798,Tampflex,,TRUE,2009,18633459,
799,Hatity,iOS,TRUE,2020,16803403,4.6
800,Cardify,Android,TRUE,2011,918793,5.9
801,Aerified,Windows Phone,FALSE,2013,2619913,1.2
802,Daltfresh,Windows Phone,FALSE,2012,19655832,6.6
803,Fixflex,,TRUE,2011,23375558,
804,Greenlam,Android,TRUE,2012,5341258,5.4
805,Otcom,Todos,TRUE,2012,28504461,3.6
806,Hatity,iOS,TRUE,2007,,6.6
807,Greenlam,iOS,TRUE,2006,26377757,6.2
808,Bytecard,iOS,TRUE,2014,25622024,2.9
809,,iOS,TRUE,2005,3461160,9.1
810,Vagram,iOS,FALSE,2008,1435516,1.1
811,Bytecard,Android,FALSE,2018,17784842,5.4
812,Home Ing,iOS,TRUE,2014,25799997,1.9
813,Opela,Android,TRUE,2013,24781294,6.6
814,Biodex,Android,FALSE,2014,2143419,2
815,Home Ing,iOS,TRUE,2018,24829454,2.7
816,Greenlam,Todos,FALSE,2006,2231137,3.8
817,Bitchip,Android,FALSE,2015,10537381,3.6
818,Prodder,Todos,TRUE,2015,,6
819,Ronstring,,FALSE,2011,19371495,
820,Konklux,Todos,FALSE,2012,19883185,4.2
821,Andalax,Todos,TRUE,2011,7080407,6.7
822,Ventosanzap,iOS,TRUE,2010,15529469,5
823,Solarbreeze,Android,TRUE,2011,29804670,7.1
824,Prodder,iOS,TRUE,2019,19792044,4.3
825,Bitchip,Android,FALSE,2011,23540138,9.3
826,Namfix,Android,TRUE,2008,,5.2
827,Mat Lam Tam,Android,FALSE,2012,16792655,4.1
828,Aerified,Windows Phone,FALSE,2012,25987391,7.4
829,Overhold,Android,FALSE,2007,17427482,9.5
830,Zamit,iOS,FALSE,2016,24066398,3
831,Stringtough,Android,TRUE,2016,26738916,2.5
832,Flowdesk,Android,TRUE,2006,13325057,7.7
833,Overhold,Android,TRUE,2017,10671914,4.1
834,Vagram,Windows Phone,TRUE,2017,9983421,7
835,Stim,Android,FALSE,2009,11386055,4.5
836,Sub-Ex,Android,FALSE,2018,,3.2
837,,Todos,FALSE,2010,23235887,1.4
838,Holdlamis,Windows Phone,TRUE,2016,21547089,7.6
839,Voyatouch,Windows Phone,FALSE,2011,21779481,6.7
840,Daltfresh,iOS,FALSE,2007,20990182,10
841,Ronstring,Android,FALSE,2006,28640297,5.9
842,Temp,Todos,TRUE,2006,3103493,1.7
843,Cardguard,Todos,TRUE,2006,20589165,8.3
844,Bytecard,iOS,TRUE,2009,22051398,2.8
845,Keylex,Windows Phone,FALSE,2020,3069126,5.3
846,Subin,iOS,FALSE,2007,12200538,2.1
847,Bigtax,Windows Phone,FALSE,2009,12212910,3.7
848,Ronstring,Windows Phone,FALSE,2014,1789531,3
849,Stronghold,Windows Phone,FALSE,2006,21732810,3.6
850,Vagram,,FALSE,2018,23056315,
851,Viva,iOS,TRUE,2017,25438838,6.1
852,Y-find,Android,TRUE,2016,4890083,9.4
853,Y-Solowarm,iOS,FALSE,2011,27082122,6.1
854,Redhold,Android,TRUE,2009,6527360,3.8
855,Andalax,Todos,FALSE,2011,492600,6
856,Voltsillam,Windows Phone,TRUE,2006,2088623,3.7
857,Temp,iOS,TRUE,2016,6976985,4.2
858,Greenlam,Android,TRUE,2009,1948549,7.7
859,Subin,iOS,FALSE,2005,8451429,8.5
860,Flowdesk,Android,TRUE,2008,29147735,7.2
861,Matsoft,Android,TRUE,2014,26035788,8.8
862,Sub-Ex,Windows Phone,TRUE,2018,24777094,2.5
863,Stim,Android,FALSE,2010,11076152,1.4
864,Temp,Todos,TRUE,2016,1860326,6.2
865,Rank,Windows Phone,FALSE,2016,16373720,4.9
866,Konklux,iOS,TRUE,2012,16342069,1
867,Cardguard,Todos,FALSE,2015,,2.7
868,Asoka,Windows Phone,FALSE,2020,26083572,1.6
869,Pannier,Todos,FALSE,2010,22848734,9.4
870,Bitchip,Android,FALSE,2019,9497694,4.1
871,Mat Lam Tam,Todos,TRUE,2012,16542478,2.8
872,Treeflex,Todos,FALSE,2013,20923053,5.9
873,Vagram,Todos,FALSE,2019,28802071,5.7
874,Daltfresh,Windows Phone,FALSE,2020,5336026,7
875,Span,iOS,TRUE,2011,12273918,3.5
876,Asoka,,TRUE,2010,2078404,
877,Keylex,Android,FALSE,2011,1222414,3.6
878,Y-find,Windows Phone,FALSE,2010,9927062,8.8
879,Zontrax,Android,TRUE,2009,27506073,4.5
880,Bigtax,Todos,FALSE,2020,16810789,1.3
881,Bitchip,iOS,TRUE,2011,14255440,1.7
882,Sub-Ex,Android,FALSE,2019,5429804,6.8
883,Flexidy,Android,FALSE,2005,15302171,4.4
884,Stringtough,Todos,TRUE,2012,8411692,7.3
885,Fix San,Windows Phone,TRUE,2008,6260657,1.4
886,Ronstring,,TRUE,2014,23161581,
887,Overhold,iOS,FALSE,2009,29308903,6.6
888,Y-Solowarm,Android,TRUE,2006,2883040,4.2
889,Ventosanzap,Android,FALSE,2014,10897505,5.6
890,Daltfresh,Android,FALSE,2014,8364115,7.6
891,Andalax,,FALSE,2007,5250942,
892,Duobam,iOS,FALSE,2011,21342396,9.7
893,Rank,Windows Phone,FALSE,2014,21604268,7.2
894,Biodex,iOS,FALSE,2010,,8
895,Y-Solowarm,iOS,TRUE,2019,4557702,1.1
896,Transcof,Todos,FALSE,2006,5625114,8.6
897,Home Ing,iOS,FALSE,2013,6050488,7.7
898,Duobam,Android,TRUE,2015,7374917,5.1
899,Overhold,iOS,FALSE,2020,,7.2
900,,Todos,FALSE,2014,,3.2
901,Keylex,Windows Phone,FALSE,2015,,5.3
902,Cardify,Windows Phone,FALSE,2005,9067836,7.2
903,Stim,Windows Phone,TRUE,2009,8549316,1.1
904,,Todos,FALSE,2014,16462630,3.2
905,Opela,Android,FALSE,2005,10970000,9.9
906,Tempsoft,iOS,TRUE,2020,19921627,9.5
907,Zaam-Dox,Todos,TRUE,2010,12764196,2.3
908,Zaam-Dox,iOS,TRUE,2008,15322537,9.3
909,Quo Lux,Todos,TRUE,2014,17706592,1.1
910,Keylex,Todos,FALSE,2008,3399459,6.6
911,Quo Lux,Todos,TRUE,2020,7679433,6.6
912,Zamit,iOS,TRUE,2008,8209236,1.3
913,Kanlam,iOS,FALSE,2017,21351350,3
914,Regrant,Android,FALSE,2009,924305,3.8
915,Tampflex,Windows Phone,FALSE,2015,9394572,2.8
916,Fintone,Todos,FALSE,2016,,6.5
917,Zathin,Windows Phone,FALSE,2014,16181581,8.2
918,Transcof,Todos,FALSE,2005,25336316,7
919,Tempsoft,Android,FALSE,2008,24247879,3
920,Opela,Android,TRUE,2005,5772410,4.9
921,Zontrax,Todos,FALSE,2019,28773434,3.2
922,Bytecard,Android,FALSE,2019,4655325,6.9
923,It,,TRUE,2011,29667885,
924,Span,iOS,FALSE,2020,26034309,1.1
925,Voyatouch,Windows Phone,TRUE,2017,7138250,4.2
926,Zontrax,Android,FALSE,2007,2883741,6.3
927,Tresom,,FALSE,2008,11700731,
928,Trippledex,Windows Phone,TRUE,2012,17553810,2.3
929,Alphazap,Todos,FALSE,2011,2059945,5.1
930,Zamit,iOS,TRUE,2008,6569033,5.7
931,Transcof,Todos,FALSE,2010,14569631,6.2
932,Overhold,iOS,FALSE,2018,13059580,6.7
933,,iOS,FALSE,2007,26618965,1.9
934,Viva,Android,FALSE,2020,11268808,1.7
935,Zoolab,Android,FALSE,2010,514363,8.7
936,Voyatouch,Windows Phone,TRUE,2018,19877699,5
937,Treeflex,iOS,FALSE,2009,472360,6.9
938,Pannier,iOS,FALSE,2008,,3.5
939,Otcom,Todos,TRUE,2009,11486949,2.2
940,Pannier,Android,TRUE,2006,25725510,7.6
941,Lotlux,Android,TRUE,2013,884130,5.3
942,Bitchip,iOS,TRUE,2012,26126363,7.8
943,Flexidy,Todos,FALSE,2008,25810292,8.6
944,Tampflex,iOS,TRUE,2017,,3.8
945,Transcof,Windows Phone,FALSE,2015,15991800,7.4
946,Veribet,iOS,FALSE,2006,15394549,1.1
947,Tres-Zap,Windows Phone,FALSE,2012,24965975,6.5
948,Prodder,Windows Phone,TRUE,2011,15363612,6.2
949,Bitwolf,Todos,FALSE,2010,18695101,5.9
950,Daltfresh,Android,FALSE,2019,22871012,2.3
951,Bigtax,Windows Phone,FALSE,2006,22302629,5.7
952,Redhold,Windows Phone,TRUE,2012,14656638,5.2
953,Otcom,Windows Phone,FALSE,2005,23510810,2.8
954,Zontrax,Windows Phone,FALSE,2019,6855117,5.6
955,,iOS,TRUE,2011,15995120,7.9
956,Regrant,Windows Phone,FALSE,2008,19623337,8.4
957,Lotstring,iOS,TRUE,2009,7005008,6.8
958,Redhold,Windows Phone,TRUE,2011,,6.4
959,Biodex,iOS,TRUE,2017,16056566,3.3
960,Kanlam,Android,FALSE,2020,11320514,3.5
961,Kanlam,iOS,TRUE,2015,17143406,4.3
962,Quo Lux,Todos,TRUE,2012,2015770,2.3
963,Tin,Todos,TRUE,2009,9133879,6.9
964,Biodex,Windows Phone,FALSE,2008,6459049,5.9
965,Zontrax,iOS,TRUE,2018,586974,8.6
966,Regrant,Todos,TRUE,2006,15820127,9
967,Vagram,Todos,FALSE,2014,21341394,1.3
968,Rank,Windows Phone,TRUE,2005,512190,4.3
969,Toughjoyfax,Android,TRUE,2009,12688711,6.8
970,,Android,FALSE,2011,,1.8
971,Stim,Todos,TRUE,2010,25452404,9.6
972,Voyatouch,iOS,FALSE,2018,15073063,2.1
973,Home Ing,Android,TRUE,2008,4705110,2.4
974,Flowdesk,Windows Phone,FALSE,2011,,5.1
975,Tampflex,Windows Phone,FALSE,2015,22597170,6.6
976,Mat Lam Tam,Windows Phone,FALSE,2019,21213632,2.5
977,Holdlamis,iOS,TRUE,2015,3779633,6.5
978,Prodder,Todos,FALSE,2019,5640263,6.6
979,Stringtough,iOS,TRUE,2019,12145974,8.2
980,Alphazap,Todos,TRUE,2014,28341731,8.6
981,Y-Solowarm,Android,FALSE,2010,17270906,9.1
982,Fintone,iOS,FALSE,2018,529522,7.6
983,Andalax,Android,TRUE,2014,,5.9
984,Trippledex,Todos,TRUE,1011,24998432,2.7
985,Pannier,iOS,TRUE,2010,,4.2
986,Toughjoyfax,Android,FALSE,2017,21097395,5.5
987,Redhold,Todos,FALSE,2012,25828214,4.5
988,Home Ing,Android,FALSE,2017,15657493,1.8
989,Job,Windows Phone,TRUE,2020,6866787,9.7
990,It,Todos,FALSE,2008,11808919,3.4
991,Matsoft,Todos,TRUE,2019,26008332,5.5
992,Lotstring,Windows Phone,TRUE,2009,7074669,2.6
993,Zaam-Dox,iOS,TRUE,2014,12597353,5.9
994,Tempsoft,iOS,TRUE,2009,18198565,2.8
995,Gembucket,Todos,FALSE,206,671098,2.8
996,Pannier,iOS,FALSE,2017,5390204,1.9
997,Alphazap,Todos,FALSE,2010,5570074,5
998,Bitwolf,Todos,TRUE,2013,19881364,3
999,Konklux,Windows Phone,TRUE,2015,11820697,1.3
1000,Span,Todos,TRUE,2011,21683115,9.9