DIRECCION,PROPIEDADS,PRECIOUSD,PRECIOPESO,DOLARM2,PESOSM2,COTIZACION,TRIMESTRE_,BARRIO,COMUNA_
PEDRO LOZANO,358,620000,43090000,1734,120498,70,SEGUNDO,VILLA DEL PARQUE,11
MATHEU 900,362,680000,47260000,1878,130552,70,SEGUNDO,SAN CRISTOBAL,3
"NAON, ROMULO 4000",225,360000,28800000,1600,128000,80,CUARTO,SAAVEDRA,12
MOM 2742/2754,364,135000,9382500,371,25776,70,SEGUNDO,NUEVA POMPEYA,4
LEIVA 4600,150,220000,17600000,1467,117333,80,CUARTO,CHACARITA,15
Benjamin Franklin,311,498000,33465600,1601,107606,67,SEGUNDO,CABALLITO,6
Av. Cordoba,1800,1280000,88960000,711,49422,70,SEGUNDO,PALERMO,14
SANABRIA,1208,1400000,97300000,1159,80546,70,SEGUNDO,FLORESTA,10
Emilio Lamarca al 1200,287,470000,31584000,1638,110049,67,SEGUNDO,VILLA SANTA RITA,11
MARTINIANO LEGUIZAMON,505,430000,27520000,851,54495,64,SEGUNDO,MATADEROS,9
Dr L Belaustegui,845,650000,45175000,769,53462,70,SEGUNDO,CABALLITO,6
AGRELO 3200,270,319000,25520000,1182,94518,80,CUARTO,BALVANERA,3
RIVERA INDARTE 100,268,930000,59520000,3470,222090,64,SEGUNDO,FLORES NORTE,7
Ing. Huergo,1338,6500000,416000000,4858,310912,64,SEGUNDO,SAN TELMO,1
Yerbal,588,1400000,89600000,2381,152381,64,SEGUNDO,CABALLITO,6
Los Patos,160,130000,9035000,812,56469,70,SEGUNDO,PARQUE PATRICIOS,4
"VEGA, NICETO, Cnel.",400,1590000,101760000,3975,254400,64,SEGUNDO,PALERMO,14
Chiclana 2800,223,170000,11815000,762,52982,70,SEGUNDO,SAN CRISTOBAL,3
Ladines,167,269000,18076800,1611,108244,67,SEGUNDO,VILLA PUEYRREDON,12
Cordoba al 3700,400,1800000,115200000,4500,288000,64,SEGUNDO,PALERMO,14
CATAMARCA,782,1349000,93755500,1725,119892,70,SEGUNDO,BALVANERA,3
Cnel J Terrada,287,630000,42336000,2195,147512,67,SEGUNDO,FLORES NORTE,7
Av. Nazca 5500,229,390000,27105000,1703,118362,70,SEGUNDO,VILLA PUEYRREDON,12
Carlos M Ramirez 2300,316,195000,12480000,617,39494,64,SEGUNDO,VILLA SOLDATI,8
Almafuerte,1335,4000000,278000000,2996,208240,70,SEGUNDO,NUEVA POMPEYA,4
Vedia al 2500,207,1200000,83400000,5797,402899,70,SEGUNDO,SAAVEDRA,12
Jose M Cortina,450,350000,23520000,778,52267,67,SEGUNDO,MONTE CASTRO,10
Conesa,223,750000,52125000,3363,233744,70,SEGUNDO,BELGRANO,13
Gral M De Escalada,303,650000,45175000,2145,149092,70,SEGUNDO,MATADEROS,9
HOMERO,250,400000,27800000,1600,111200,70,SEGUNDO,VILLA LURO,10
E Echeverria,110,420000,28224000,3818,256582,67,SEGUNDO,VILLA URQUIZA,12
Belgrano al 800,1720,7800000,524160000,4535,304744,67,SEGUNDO,MONTSERRAT,1
ALLENDE,414,490000,32928000,1184,79536,67,SEGUNDO,MONTE CASTRO,10
VIEL,238,380000,24320000,1597,102185,64,SEGUNDO,PARQUE CHACABUCO,7
Brasil,178,230000,15985000,1292,89803,70,SEGUNDO,PARQUE PATRICIOS,4
LADINES,89,219000,15220500,2461,171017,70,SEGUNDO,VILLA PUEYRREDON,12
ARENALES,191,1380000,88320000,7225,462408,64,SEGUNDO,RECOLETA,2
CAMPILLO,193,390000,24960000,2021,129326,64,SEGUNDO,PARQUE CHAS,15
RIGLOS 500,1000,920000,58650000,920,58650,64,PRIMER,CABALLITO,6
Lascano,350,350000,23520000,1000,67200,67,SEGUNDO,VERSALLES,10
OLAYA,90,250000,16800000,2778,186667,67,SEGUNDO,VILLA CRESPO,15
Av. Directorio,387,580000,37120000,1499,95917,64,SEGUNDO,FLORESTA,10
Terrada,301,1400000,89600000,4651,297674,64,SEGUNDO,FLORES NORTE,7
Yerbal 6300,220,269000,17216000,1223,78255,64,SEGUNDO,LINIERS,9
Holmberg,225,1100000,70400000,4889,312889,64,SEGUNDO,VILLA ORTUZAR,15
Luis viale 2700,120,250000,16000000,2083,133333,64,SEGUNDO,VILLA SANTA RITA,11
Humberto I,707,850000,54400000,1202,76945,64,SEGUNDO,CONSTITUCION,1
Av Cnel M Larrazabal,260,250000,16000000,962,61538,64,SEGUNDO,MATADEROS,9
Manuel Rodriguez,300,700000,47040000,2333,156800,67,SEGUNDO,CABALLITO,6
RIVADAVIA 10500,439,1150000,73312500,2620,166999,64,TERCER,LINIERS,9
Albariño al 900,155,310000,20832000,2000,134400,67,SEGUNDO,MATADEROS,9
Horacio Casco,118,105000,7297500,890,61843,70,SEGUNDO,VILLA LUGANO,8
Superi,245,900000,60480000,3673,246857,67,SEGUNDO,COGHLAN,12
Av. Mosconi,390,1150000,73600000,2947,188602,64,SEGUNDO,VILLA PUEYRREDON,12
Alberti,113,249000,15936000,2204,141027,64,SEGUNDO,PARQUE PATRICIOS,4
"TRELLES, MANUEL R.",280,495000,31680000,1768,113143,64,SEGUNDO,FLORES NORTE,7
Blanco Encalada 3300,330,850000,59075000,2576,179015,70,SEGUNDO,BELGRANO,13
Rep De Honduras,170,590000,39648000,3471,233224,67,SEGUNDO,PALERMO,14
Aizpurua,217,700000,48650000,3226,224194,70,SEGUNDO,VILLA URQUIZA,12
E. Cnel. Bonorino al 3200,253,180000,12096000,711,47810,67,SEGUNDO,NUEVA POMPEYA,4
Tarija,158,330000,22176000,2089,140354,67,SEGUNDO,BOEDO,5
Nazca,370,1350000,93825000,3649,253581,70,SEGUNDO,VILLA DEL PARQUE,11
Manuel Artigas al 6600,239,373000,25923500,1561,108467,70,SEGUNDO,MATADEROS,9
"BARROS PAZOS, JOSE",307,190000,12160000,619,39609,64,SEGUNDO,VILLA RIACHUELO,8
Tandil,403,210000,14595000,521,36216,70,SEGUNDO,MATADEROS,9
Dean Funes,375,220000,14080000,587,37547,64,SEGUNDO,VILLA CRESPO,15
PILAR 600,231,400000,25500000,1732,110390,64,TERCER,LINIERS,9
Tronador,940,850000,59075000,904,62846,70,SEGUNDO,COGHLAN,12
José Pedro Varela,216,250000,17375000,1157,80440,70,SEGUNDO,VILLA DEVOTO SUR,11
Av Lope De Vega,170,480000,30720000,2824,180706,64,SEGUNDO,MONTE CASTRO,10
Av. JUAN B JUSTO 1900 Y JUFRE,61,230000,15456000,3770,253377,67,SEGUNDO,VILLA CRESPO,15
Aristobulo Del Valle,671,750000,52125000,1118,77683,70,SEGUNDO,BOCA,4
Ruiz huidobro,370,840000,58380000,2270,157784,70,SEGUNDO,NUÑEZ,13
CONDARCO 1300,498,480000,30720000,964,61687,64,SEGUNDO,VILLA SANTA RITA,11
LERMA,377,1160000,77952000,3077,206769,67,SEGUNDO,VILLA CRESPO,15
Carlos Calvo,295,450000,31275000,1525,106017,70,SEGUNDO,SAN CRISTOBAL,3
Santos Dumont 3780,647,425000,28560000,657,44142,67,SEGUNDO,CHACARITA,15
HUMBERTO 1?,2006,2700000,172800000,1346,86142,64,SEGUNDO,SAN CRISTOBAL,3
Cochabamba al 3300,250,250000,16000000,1000,64000,64,SEGUNDO,BOEDO,5
Cnel J Pringles,154,750000,50400000,4870,327273,67,SEGUNDO,ALMAGRO,5
CONGRESO,386,1050000,70560000,2720,182798,67,SEGUNDO,COGHLAN,12
BOGOTA,600,580000,40310000,967,67183,70,SEGUNDO,FLORES NORTE,7
Nicasio Oroño,882,2500000,160000000,2834,181406,64,SEGUNDO,PATERNAL,15
NECOCHEA,291,200000,13440000,687,46186,67,SEGUNDO,BOCA,4
gallardo al 600,744,580000,40310000,780,54180,70,SEGUNDO,VERSALLES,10
Malabia,240,1390000,88960000,5792,370667,64,SEGUNDO,PALERMO,14
24 DE NOVIEMBRE 200,198,290000,18560000,1465,93737,64,SEGUNDO,BALVANERA,3
Artilleros 2300,644,1500000,104250000,2329,161879,70,SEGUNDO,BELGRANO,13
Nuñez,100,249000,17305500,2490,173055,70,SEGUNDO,SAAVEDRA,12
"MISTRAL, GABRIELA",470,670000,42880000,1426,91234,64,SEGUNDO,VILLA DEVOTO NORTE,11
CRAMER,257,980000,62720000,3813,244047,64,SEGUNDO,BELGRANO,13
J Bonifacio,167,279900,18809280,1676,112630,67,SEGUNDO,FLORESTA,10
Pje J R Baltore,212,215000,14448000,1014,68151,67,SEGUNDO,LINIERS,9
AIZPURUA,373,620000,39680000,1662,106381,64,SEGUNDO,VILLA URQUIZA,12
"NEWBERY, JORGE 4000",357,1470000,93712500,4118,262500,64,TERCER,CHACARITA,15
Guardia Nacional,323,340000,23630000,1053,73158,70,SEGUNDO,MATADEROS,9
Sarmiento al 3000,133,350000,23520000,2632,176842,67,SEGUNDO,BALVANERA,3
IRALA,342,430000,28896000,1257,84491,67,SEGUNDO,BOCA,4
Tarija 3800,505,450000,28800000,891,57030,64,SEGUNDO,BOEDO,5
Dean Funes,230,380000,26410000,1652,114826,70,SEGUNDO,SAN CRISTOBAL,3
Juan Bautista Alberdi 2700,298,800000,55600000,2685,186577,70,SEGUNDO,FLORES NORTE,7
SAN PEDRITO 200,220,620000,39525000,2818,179659,64,PRIMER,FLORES NORTE,7
Eva Peron,600,630000,42336000,1050,70560,67,SEGUNDO,PARQUE AVELLANEDA,9
F De Cespedes,423,650000,45175000,1537,106797,70,SEGUNDO,CHACARITA,15
Piran,204,319000,21436800,1564,105082,67,SEGUNDO,VILLA URQUIZA,12
Galicia,171,270000,17280000,1579,101053,64,SEGUNDO,VILLA SANTA RITA,11
Alvarez Thomas,230,589000,37696000,2561,163896,64,SEGUNDO,VILLA ORTUZAR,15
Andalgala,375,375000,26062500,1000,69500,70,SEGUNDO,LINIERS,9
Cabrera Jose Antonio,156,800000,51200000,5128,328205,64,SEGUNDO,PALERMO,14
SERRANO,1222,8000000,512000000,6547,418985,64,SEGUNDO,VILLA CRESPO,15
Av.Directorio 1100,200,799000,53692800,3995,268464,67,SEGUNDO,CABALLITO,6
Fragueiro,160,150000,10425000,938,65156,70,SEGUNDO,VERSALLES,10
RIO DE JANEIRO,548,1700000,108800000,3102,198540,64,SEGUNDO,CABALLITO,6
Enrique De Vedia,146,140000,9408000,959,64438,67,SEGUNDO,VILLA DEL PARQUE,11
Suarez,1049,500000,34750000,477,33127,70,SEGUNDO,BOCA,4
RICARDO BALBIN,129,990000,63360000,7674,491163,64,SEGUNDO,SAAVEDRA,12
Av. Triunvirato,1125,3000000,192000000,2667,170667,64,SEGUNDO,VILLA ORTUZAR,15
Av Scalabrini Ortiz,427,2900000,185600000,6792,434660,64,SEGUNDO,PALERMO,14
Arias,147,140000,9408000,952,64000,67,SEGUNDO,SAAVEDRA,12
Culpina 0-100,370,1050000,72975000,2838,197230,70,SEGUNDO,FLORES NORTE,7
Manuel Artigas,400,550000,36960000,1375,92400,67,SEGUNDO,MATADEROS,9
Av. Directorio al 3700,280,475000,31920000,1696,114000,67,SEGUNDO,PARQUE AVELLANEDA,9
Thames,226,699000,44736000,3093,197947,64,SEGUNDO,VILLA CRESPO,15
Av Jujuy,201,900000,57600000,4478,286567,64,SEGUNDO,PARQUE PATRICIOS,4
BACACAY,440,550000,38225000,1250,86875,70,SEGUNDO,FLORESTA,10
Av. Chiclana,557,1300000,87360000,2334,156840,67,SEGUNDO,PARQUE PATRICIOS,4
Zado al 3700,411,510000,34272000,1241,83387,67,SEGUNDO,SAAVEDRA,12
BRASIL,693,750000,48000000,1082,69264,64,SEGUNDO,CONSTITUCION,1
Campana,180,350000,24325000,1944,135139,70,SEGUNDO,VILLA DEL PARQUE,11
AUTOPISTA DELLEPIANE Y PIEDRABUNEA,832,530000,33920000,637,40769,64,SEGUNDO,VILLA LUGANO,8
Santiago Del Estero|,295,225000,14400000,763,48814,64,SEGUNDO,CONSTITUCION,1
HIDALGO 600,1447,3800000,304000000,2626,210090,80,CUARTO,CABALLITO,6
GIRIBONE,151,780000,49920000,5166,330596,64,SEGUNDO,VILLA ORTUZAR,15
"Helguera 1800, entre San Blas y  García Agustín",286,635000,40640000,2220,142098,64,SEGUNDO,VILLA SANTA RITA,11
Vedia,208,1280000,81920000,6154,393846,64,SEGUNDO,SAAVEDRA,12
FERNANDEZ BLANCO,278,1300000,83200000,4676,299281,64,SEGUNDO,VILLA URQUIZA,12
Av. Congreso,149,598000,40185600,4013,269702,67,SEGUNDO,COGHLAN,12
"BONIFACIO, JOSE",278,280000,17920000,1007,64460,64,SEGUNDO,PARQUE AVELLANEDA,9
Córdoba 4300,398,1700000,118150000,4271,296859,70,SEGUNDO,VILLA CRESPO,15
CAAGUAZU 7000,100,180000,11475000,1800,114750,64,TERCER,LINIERS,9
CACHI 1200,196,85000,6800000,434,34694,80,CUARTO,NUEVA POMPEYA,4
Salta,715,490000,32928000,685,46053,67,SEGUNDO,MONTSERRAT,1
Quintino Bocayuva,248,580000,38976000,2339,157161,67,SEGUNDO,ALMAGRO,5
Cochabamba,202,370000,25715000,1832,127302,70,SEGUNDO,SAN CRISTOBAL,3
OLAVARRIA,977,1100000,70400000,1126,72057,64,SEGUNDO,BOCA,4
Fray G Arregui,4270,2500000,168000000,585,39344,67,SEGUNDO,VILLA DEL PARQUE,11
Puán,77,68000,4726000,883,61377,70,SEGUNDO,PARQUE CHACABUCO,7
Castro Barros al 700,264,900000,62550000,3409,236932,70,SEGUNDO,BOEDO,5
Montañeses,247,1200000,83400000,4858,337652,70,SEGUNDO,BELGRANO,13
"BEIRO, FRANCISCO",310,1700000,108800000,5484,350968,64,SEGUNDO,VILLA DEVOTO SUR,11
DARWIN 1400,507,370000,29600000,730,58383,80,CUARTO,PALERMO,14
Ramallo 3657,375,449000,28736000,1197,76629,64,SEGUNDO,SAAVEDRA,12
"JUSTO, JUAN B.",139,420000,26880000,3022,193381,64,SEGUNDO,VILLA GRAL. MITRE,11
Dr C Argerich,97,200000,13440000,2062,138557,67,SEGUNDO,VILLA PUEYRREDON,12
Mariano Acha,289,420000,29190000,1453,101003,70,SEGUNDO,SAAVEDRA,12
PASCO,455,750000,48000000,1648,105495,64,SEGUNDO,BALVANERA,3
HONDURAS 3700,104,690000,43987500,6635,422957,64,TERCER,PALERMO,14
Carlos M Ramirez 2300,316,195000,13552500,617,42888,70,SEGUNDO,VILLA SOLDATI,8
mexico,125,350000,23520000,2800,188160,67,SEGUNDO,BALVANERA,3
Humbolt,390,380000,25536000,974,65477,67,SEGUNDO,VILLA CRESPO,15
"CALVO, CARLOS 1800",399,650000,41437500,1629,103853,64,TERCER,SAN CRISTOBAL,3
Belgrano,287,1800000,115200000,6272,401394,64,SEGUNDO,MONTSERRAT,1
LADINES,434,610000,39040000,1406,89954,64,SEGUNDO,VILLA DEVOTO NORTE,11
Vera al 1300,144,870000,55680000,6042,386667,64,SEGUNDO,CHACARITA,15
Pinto,214,880000,59136000,4112,276336,67,SEGUNDO,SAAVEDRA,12
F De Cespedes,152,410000,27552000,2697,181263,67,SEGUNDO,CHACARITA,15
Av. del Libertador,188,2750000,176000000,14628,936170,64,SEGUNDO,BELGRANO,13
Martinez Rosas 1100,244,450000,30240000,1844,123934,67,SEGUNDO,VILLA CRESPO,15
PEDERNERA 500,434,540000,34425000,1244,79320,64,TERCER,FLORES SUR,7
TEODORO VILARDEBO,210,360000,23040000,1714,109714,64,SEGUNDO,VILLA DEL PARQUE,11
Palestina,190,550000,38225000,2895,201184,70,SEGUNDO,PALERMO,14
BARTOLOMÉ MITRE  AL 4200,580,2100000,141120000,3621,243310,67,SEGUNDO,ALMAGRO,5
Conesa al 2700,280,950000,60800000,3393,217143,64,SEGUNDO,BELGRANO,13
Constitucion,327,380000,26410000,1162,80765,70,SEGUNDO,SAN CRISTOBAL,3
NOGOYA,127,460000,29440000,3622,231811,64,SEGUNDO,VILLA DEL PARQUE,11
Directorio,365,620000,43090000,1699,118055,70,SEGUNDO,FLORESTA,10
"CITTADINI, BASILIO 2300",163,163000,13040000,1000,80000,80,CUARTO,VILLA DEL PARQUE,11
JUNCAL,2120,2500000,160000000,1179,75472,64,SEGUNDO,RECOLETA,2
San Pedrito 50,956,3150000,211680000,3295,221423,67,SEGUNDO,FLORES NORTE,7
CUCHA CUCHA,385,899000,60412800,2335,156916,67,SEGUNDO,VILLA CRESPO,15
Constituyentes,752,820000,55104000,1090,73277,67,SEGUNDO,VILLA URQUIZA,12
Pacheco al 3400,261,540000,37530000,2069,143793,70,SEGUNDO,VILLA URQUIZA,12
De los Incas,148,350000,24325000,2365,164358,70,SEGUNDO,PARQUE CHAS,15
Av. Franklin Roosevelt al 5600,263,890000,59808000,3384,227407,67,SEGUNDO,VILLA URQUIZA,12
FITZ ROY,237,1230000,78720000,5190,332152,64,SEGUNDO,PALERMO,14
HUMBOLDT,82,490000,31360000,5995,383702,64,SEGUNDO,PALERMO,14
Moreno,2567,6500000,436800000,2532,170160,67,SEGUNDO,MONTSERRAT,1
LA CORDILLERA 1128,160,190000,15200000,1188,95000,80,CUARTO,PARQUE AVELLANEDA,9
Av. Luis Maria Campos,756,4800000,307200000,6349,406349,64,SEGUNDO,PALERMO,14
Belen,546,595000,41352500,1090,75737,70,SEGUNDO,FLORESTA,10
MONROE 3500,355,1100000,70125000,3099,197535,64,PRIMER,COGHLAN,12
ALCARAZ 6100,130,220000,14025000,1692,107885,64,TERCER,VERSALLES,10
Olavarria,218,230000,15456000,1055,70899,67,SEGUNDO,BOCA,4
AV LARRAZABAL,400,500000,32000000,1250,80000,64,SEGUNDO,MATADEROS,9
ASUNCION 3000,338,445000,28368750,1317,83931,64,TERCER,AGRONOMIA,15
Ramon Falcon,148,250000,17375000,1689,117399,70,SEGUNDO,VELEZ SARSFIELD,10
Av Castañares,450,190000,12160000,422,27022,64,SEGUNDO,VILLA LUGANO,8
Guamini,147,190000,12768000,1293,86857,67,SEGUNDO,LINIERS,9
Primera Junta,135,150000,10425000,1111,77222,70,SEGUNDO,PARQUE AVELLANEDA,9
G Espinosa,98,290000,20155000,2959,205663,70,SEGUNDO,PATERNAL,15
Washington,375,870000,55680000,2320,148480,64,SEGUNDO,BELGRANO,13
Colombres al 1300,400,500000,32000000,1250,80000,64,SEGUNDO,BOEDO,5
Villafañes wenceslao,362,500000,32000000,1381,88398,64,SEGUNDO,BOCA,4
MURGUIONDO,333,400000,27800000,1201,83483,70,SEGUNDO,VILLA LUGANO,8
Rio Grande,175,279900,19453050,1599,111160,70,SEGUNDO,FLORESTA,10
"DE LA TORRE, LISANDRO 3800",9963,4000000,320000000,402,32119,80,CUARTO,VILLA LUGANO,8
Avda. Rivadavia 8600,391,1200000,80640000,3069,206240,67,SEGUNDO,VELEZ SARSFIELD,10
Yerbal,1035,3000000,208500000,2899,201449,70,SEGUNDO,CABALLITO,6
Boedo,192,800000,55600000,4167,289583,70,SEGUNDO,ALMAGRO,5
Concordia,693,1250000,80000000,1804,115440,64,SEGUNDO,VILLA SANTA RITA,11
Caldas 300,160,198000,13761000,1238,86006,70,SEGUNDO,CHACARITA,15
CESPEDES 2900,262,720000,45900000,2748,175191,64,TERCER,COLEGIALES,13
SARMIENTO,552,2400000,161280000,4348,292174,67,SEGUNDO,SAN NICOLAS,1
Tinogasta,122,530000,33920000,4344,278033,64,SEGUNDO,VILLA DEL PARQUE,11
Constitucion,176,230000,15456000,1307,87818,67,SEGUNDO,SAN CRISTOBAL,3
Pichincha al 2100,200,650000,45175000,3250,225875,70,SEGUNDO,PARQUE PATRICIOS,4
AV. JUJUY,158,660000,42240000,4177,267342,64,SEGUNDO,BALVANERA,3
VENEZUELA 3300,347,900000,62550000,2594,180259,70,SEGUNDO,ALMAGRO,5
Belgrano al 4100,765,1500000,96000000,1961,125490,64,SEGUNDO,ALMAGRO,5
De los Incas,148,330000,21120000,2230,142703,64,SEGUNDO,PARQUE CHAS,15
Avenida Jujuy,235,500000,33600000,2128,142979,67,SEGUNDO,BALVANERA,3
Manuel Artigas,398,590000,39648000,1482,99618,67,SEGUNDO,MATADEROS,9
Echeverria al 4900,259,890000,56960000,3436,219923,64,SEGUNDO,VILLA URQUIZA,12
Almirante Brown al 1200,483,480000,33360000,994,69068,70,SEGUNDO,BOCA,4
Honorio Pueyrredon,218,700000,47040000,3211,215780,67,SEGUNDO,VILLA CRESPO,15
F Foullier,235,650000,45175000,2766,192234,70,SEGUNDO,VILLA URQUIZA,12
Av Dr Juan Bautista Justo,479,500000,32000000,1044,66806,64,SEGUNDO,VERSALLES,10
Serrano entre Ramirez de Velasco   y Aguirre,524,800000,51200000,1527,97710,64,SEGUNDO,VILLA CRESPO,15
Av Corrientes,900,1800000,115200000,2000,128000,64,SEGUNDO,VILLA CRESPO,15
Caldas y Tronador,443,1200000,80640000,2709,182032,67,SEGUNDO,PALERMO,14
Cramer  2600,376,1850000,128575000,4920,341955,70,SEGUNDO,BELGRANO,13
"BLANES, JUAN M.",352,290000,20155000,824,57259,70,SEGUNDO,BOCA,4
Av. Warnes 0,182,560000,37632000,3077,206769,67,SEGUNDO,VILLA CRESPO,15
Quesada 3000,225,770000,49280000,3422,219022,64,SEGUNDO,NUÑEZ,13
Av Juan B Justo,232,230000,14720000,991,63448,64,SEGUNDO,FLORESTA,10
URUGUAY,1108,4000000,256000000,3610,231047,64,SEGUNDO,SAN NICOLAS,1
Andalgala,375,375000,25200000,1000,67200,67,SEGUNDO,LINIERS,9
AV CONGRESO 1800,710,4800000,333600000,6761,469859,70,SEGUNDO,NUÑEZ,13
Cafayate e/ Patron y Alpatacal,225,250000,16000000,1111,71111,64,SEGUNDO,LINIERS,9
CHILE 2300,333,385000,30800000,1156,92492,80,CUARTO,BALVANERA,3
FAMATINA 3400,550,398000,31840000,724,57891,80,CUARTO,PARQUE PATRICIOS,4
FILIBERTO,301,450000,31275000,1495,103904,70,SEGUNDO,CONSTITUCION,1
jose luis cantilo,677,1350000,86400000,1994,127622,64,SEGUNDO,VILLA DEVOTO SUR,11
CHIVILCOY,225,210000,13440000,933,59733,64,SEGUNDO,FLORESTA,10
MOLIERE,260,260000,16640000,1000,64000,64,SEGUNDO,VILLA REAL,10
BARTOLOME MITRE,629,400000,26880000,636,42734,67,SEGUNDO,SAN NICOLAS,1
LA PLATA 1300,380,650000,41437500,1711,109046,64,PRIMER,PARQUE CHACABUCO,7
Tres arroyos al 3000,252,325000,22587500,1290,89633,70,SEGUNDO,VILLA SANTA RITA,11
G De Laferrere,462,250000,16000000,541,34632,64,SEGUNDO,FLORES SUR,7
MURGUIONDO 100,433,550000,35062500,1270,80976,64,TERCER,LINIERS,9
AV. SCALABRINI ORTIZ al 100,161,1270000,81280000,7888,504845,64,SEGUNDO,VILLA CRESPO,15
M Pedraza,327,500000,32000000,1529,97856,64,SEGUNDO,NUÑEZ,13
TABARE,260,160000,10240000,615,39385,64,SEGUNDO,VILLA SOLDATI,8
Serrano,11350,7000000,486500000,617,42863,70,SEGUNDO,VILLA CRESPO,15
CONCORDIA,115,260000,16640000,2261,144696,64,SEGUNDO,VILLA DEVOTO NORTE,11
Esteban A Gascon,146,700000,44800000,4795,306849,64,SEGUNDO,PALERMO,14
Obispo San Alberto,304,440000,29568000,1447,97263,67,SEGUNDO,VILLA PUEYRREDON,12
Reservistas Argentinos,200,209000,14044800,1045,70224,67,SEGUNDO,LINIERS,9
ESTADOS UNIDOS,867,870000,55680000,1003,64221,64,SEGUNDO,CONSTITUCION,1
Salvador Maria Del Carril,448,1400000,89600000,3125,200000,64,SEGUNDO,VILLA DEVOTO NORTE,11
VUELTA DE OBLIGADO 3100,233,950000,60562500,4077,259925,64,PRIMER,NUÑEZ,13
Manuela Pedraza,284,975000,67762500,3433,238600,70,SEGUNDO,NUÑEZ,13
Montiel,160,225000,15120000,1406,94500,67,SEGUNDO,MATADEROS,9
M Fernandez,315,440000,30580000,1399,97206,70,SEGUNDO,SAAVEDRA,12
1 de Mayo 1800,208,100000,6720000,481,32308,67,SEGUNDO,NUEVA POMPEYA,4
AVALOS,286,390000,27105000,1364,94773,70,SEGUNDO,PARQUE CHAS,15
Venezuela,505,649000,41536000,1285,82250,64,SEGUNDO,ALMAGRO,5
"CERRI, DANIEL, Gral. 1100",172,219000,13961250,1273,81170,64,TERCER,BOCA,4
Paraguay 4600,204,1220000,78080000,5980,382745,64,SEGUNDO,PALERMO,14
BOGOTA,600,580000,37120000,967,61867,64,SEGUNDO,FLORES NORTE,7
"MISTRAL, GABRIELA",103,119000,7616000,1155,73942,64,SEGUNDO,VILLA PUEYRREDON,12
gallardo al 600,744,580000,37120000,780,49892,64,SEGUNDO,VERSALLES,10
L Griveo,171,279900,17913600,1637,104758,64,SEGUNDO,VILLA PUEYRREDON,12
Av B Rivadavia,400,700000,44800000,1750,112000,64,SEGUNDO,VELEZ SARSFIELD,10
COLOMBRES 1540,150,330000,21037500,2200,140250,64,PRIMER,BOEDO,5
RAFAELA 4800,272,220000,17600000,809,64706,80,CUARTO,VILLA LURO,10
Gutemberg,338,620000,39680000,1834,117396,64,SEGUNDO,VILLA DEVOTO NORTE,11
Sarmiento al 3000,133,390000,24960000,2932,187669,64,SEGUNDO,BALVANERA,3
"PAZ, MARCOS 2700",156,179000,14320000,1147,91795,80,CUARTO,VILLA DEVOTO SUR,11
Balbastro,285,200000,12800000,702,44912,64,SEGUNDO,FLORES SUR,7
CASEROS 3500,433,1799000,114686250,4155,264864,64,TERCER,NUEVA POMPEYA,4
VIAMONTE 400,250,1300000,104000000,5200,416000,80,CUARTO,SAN NICOLAS,1
PADILLA MANUEL,182,430000,28896000,2363,158769,67,SEGUNDO,VILLA URQUIZA,12
Pje Ampere,307,599000,40252800,1951,131117,67,SEGUNDO,CABALLITO,6
LERMA,227,850000,57120000,3744,251630,67,SEGUNDO,VILLA CRESPO,15
I Pieres,261,290000,20155000,1111,77222,70,SEGUNDO,LINIERS,9
Humboltd,147,490000,31360000,3333,213333,64,SEGUNDO,VILLA CRESPO,15
Bogota,248,690000,47955000,2782,193367,70,SEGUNDO,CABALLITO,6
ARREGUI,2200,2700000,172800000,1227,78545,64,SEGUNDO,VILLA DEL PARQUE,11
Av Triunvirato,145,630000,40320000,4345,278069,64,SEGUNDO,VILLA URQUIZA,12
Amenabar 600,229,930000,59520000,4061,259913,64,SEGUNDO,COLEGIALES,13
MEXICO 1500,202,800000,51000000,3960,252475,64,TERCER,MONTSERRAT,1
Avenida Boedo,105,430000,28896000,4095,275200,67,SEGUNDO,BOEDO,5
NUNEZ 2900,326,530000,33787500,1626,103643,64,PRIMER,NUÑEZ,13
CATAMARCA al 400,266,570000,39615000,2143,148929,70,SEGUNDO,BALVANERA,3
Av. Directorio,387,580000,40310000,1499,104160,70,SEGUNDO,FLORESTA,10
Irala,374,450000,28800000,1203,77005,64,SEGUNDO,BOCA,4
HONDURAS,173,695000,44480000,4017,257110,64,SEGUNDO,PALERMO,14
Av Alvarez Jonte,188,580000,40310000,3085,214415,70,SEGUNDO,VILLA DEL PARQUE,11
"RIVERA, PEDRO I., Dr. 5600",112,269000,21520000,2402,192143,80,CUARTO,VILLA URQUIZA,12
VERA al 1200,181,465000,32317500,2569,178550,70,SEGUNDO,VILLA CRESPO,15
QUESADA,131,400000,27800000,3053,212214,70,SEGUNDO,VILLA URQUIZA,12
"CALVO, CARLOS",203,300000,19200000,1478,94581,64,SEGUNDO,SAN CRISTOBAL,3
Av Alberdi,221,380000,24320000,1719,110045,64,SEGUNDO,VILLA LURO,10
Holmberg,182,360000,25020000,1978,137473,70,SEGUNDO,VILLA URQUIZA,12
MEXICO,3882,6000000,384000000,1546,98918,64,SEGUNDO,BALVANERA,3
Pedro Moran,344,500000,34750000,1453,101017,70,SEGUNDO,VILLA DEVOTO SUR,11
Juramento,214,400000,25600000,1869,119626,64,SEGUNDO,VILLA URQUIZA,12
Carhue,410,350000,22400000,854,54634,64,SEGUNDO,MATADEROS,9
PUERTO DE PALOS al 200,255,340000,22848000,1333,89600,67,SEGUNDO,BOCA,4
NICARAGUA 4500,151,470000,37600000,3113,249007,80,CUARTO,PALERMO,14
Bdier Gral J Zapiola,317,1100000,70400000,3470,222082,64,SEGUNDO,COGHLAN,12
Av. Mosconi,169,550000,38225000,3254,226183,70,SEGUNDO,VILLA PUEYRREDON,12
Colonia al 300,299,650000,41600000,2174,139130,64,SEGUNDO,PARQUE PATRICIOS,4
URQUIZA,340,335000,22512000,985,66212,67,SEGUNDO,SAN CRISTOBAL,3
ALBARIÑO2000,626,340000,23630000,543,37748,70,SEGUNDO,MATADEROS,9
Av. Varela,307,415000,26560000,1352,86515,64,SEGUNDO,FLORES SUR,7
Campana entre Beiro y JP Varela,258,550000,38225000,2132,148159,70,SEGUNDO,VILLA DEL PARQUE,11
Felix Foullier,235,550000,38225000,2340,162660,70,SEGUNDO,VILLA URQUIZA,12
Paraguay al 4800,331,1490000,100128000,4502,302502,67,SEGUNDO,PALERMO,14
"ACOSTA, MARIANO 1200",250,250000,20000000,1000,80000,80,CUARTO,PARQUE AVELLANEDA,9
Dr. Pedro Chutro,287,250000,16800000,871,58537,67,SEGUNDO,PARQUE PATRICIOS,4
CAMARONES,291,280000,17920000,962,61581,64,SEGUNDO,VILLA GRAL. MITRE,11
Esteban A Gascon,553,850000,54400000,1537,98373,64,SEGUNDO,ALMAGRO,5
BASUALDO,374,330000,22176000,882,59294,67,SEGUNDO,MATADEROS,9
Terrero 900,113,360000,23040000,3186,203894,64,SEGUNDO,FLORES NORTE,7
Chile 2000,193,348000,23385600,1803,121169,67,SEGUNDO,BALVANERA,3
Honorio Pueyrredón 400,294,1650000,114675000,5612,390051,70,SEGUNDO,CABALLITO,6
"OLIVERA, AV.",298,320000,22240000,1074,74631,70,SEGUNDO,VELEZ SARSFIELD,10
CHICLANA 3000,171,650000,41437500,3801,242325,64,TERCER,PARQUE PATRICIOS,4
Manuela Pedraza 3400,304,470000,31584000,1546,103895,67,SEGUNDO,COGHLAN,12
CASTILLO 500,313,600000,40320000,1917,128818,67,SEGUNDO,VILLA CRESPO,15
BOLIVIA 471,410,800000,51000000,1951,124390,64,PRIMER,FLORES NORTE,7
Virrey Loreto y Delgado,163,395000,27452500,2423,168420,70,SEGUNDO,COLEGIALES,13
Av. Juan de Garay,332,640000,44480000,1928,133976,70,SEGUNDO,CONSTITUCION,1
DIAZ VELEZ,269,1000000,67200000,3717,249814,67,SEGUNDO,ALMAGRO,5
ESMERALDA 150,3100,5000000,400000000,1613,129032,80,CUARTO,SAN NICOLAS,1
General Juan José Valle,132,93000,6249600,705,47345,67,SEGUNDO,NUEVA POMPEYA,4
Avenida Belgrano al 3200,292,630000,43785000,2158,149949,70,SEGUNDO,BALVANERA,3
Gral. Urquiza al 300,3068,5200000,349440000,1695,113898,67,SEGUNDO,BALVANERA,3
AV. VARELA,423,490000,34055000,1158,80508,70,SEGUNDO,FLORES SUR,7
Avalos,167,375000,25200000,2246,150898,67,SEGUNDO,PARQUE CHAS,15
Plaza,1315,1750000,112000000,1331,85171,64,SEGUNDO,VILLA ORTUZAR,15
Dean Funes al 1700,188,255000,16320000,1356,86809,64,SEGUNDO,PARQUE PATRICIOS,4
GUEVARA,372,500000,32000000,1344,86022,64,SEGUNDO,VILLA ORTUZAR,15
Correa,362,880000,61160000,2431,168950,70,SEGUNDO,SAAVEDRA,12
Cnel P Murguiondo,384,300000,19200000,781,50000,64,SEGUNDO,MATADEROS,9
Obispo San Alberto,304,440000,28160000,1447,92632,64,SEGUNDO,VILLA PUEYRREDON,12
Humahuaca,320,700000,48650000,2188,152031,70,SEGUNDO,ALMAGRO,5
CONSTITUCIÓN,289,315000,21168000,1090,73246,67,SEGUNDO,SAN CRISTOBAL,3
Leiva al 4300,315,1050000,72975000,3333,231667,70,SEGUNDO,CHACARITA,15
Serrano entre Ramirez de Velasco   y Aguirre,524,800000,53760000,1527,102595,67,SEGUNDO,VILLA CRESPO,15
Pedro Moran al 3600,337,700000,48650000,2077,144362,70,SEGUNDO,VILLA DEVOTO NORTE,11
SALTA 300,878,349000,22248750,398,25340,64,TERCER,MONTSERRAT,1
San Luis Al 3400,170,370000,25715000,2176,151265,70,SEGUNDO,ALMAGRO,5
Congreso,184,770000,53515000,4185,290842,70,SEGUNDO,COGHLAN,12
BOLIVAR 1300,690,800000,51000000,1159,73913,64,TERCER,SAN TELMO,1
"JUSTO, JUAN B.",337,1200000,76800000,3561,227893,64,SEGUNDO,VILLA CRESPO,15
Presidente Luis Saenz Peña 1500,683,1200000,80640000,1757,118067,67,SEGUNDO,CONSTITUCION,1
Jose Marmol 1600,250,400000,25600000,1600,102400,64,SEGUNDO,BOEDO,5
Riobamba  42,886,2800000,194600000,3160,219639,70,SEGUNDO,BALVANERA,3
Bertres,414,600000,41700000,1449,100725,70,SEGUNDO,CABALLITO,6
Hipolito Yrigoyen 2452,554,799000,51136000,1442,92303,64,SEGUNDO,BALVANERA,3
Bartolome Mitre,1940,5000000,336000000,2577,173196,67,SEGUNDO,SAN NICOLAS,1
Araoz 1479,441,890000,61855000,2018,140261,70,SEGUNDO,PALERMO,14
LINIERS VIRREY 600,310,340000,27200000,1097,87742,80,CUARTO,ALMAGRO,5
Pasaje Checoslovaquia,234,219900,15283050,940,65312,70,SEGUNDO,VELEZ SARSFIELD,10
Cabrera 4097,127,570000,38304000,4488,301606,67,SEGUNDO,PALERMO,14
Av. Warnes al 400,218,990000,63360000,4541,290642,64,SEGUNDO,VILLA CRESPO,15
"ALBERDI, JUAN BAUTISTA",252,385000,24640000,1528,97778,64,SEGUNDO,VILLA LURO,10
Lascano e Irigoyen,399,500000,34750000,1253,87093,70,SEGUNDO,MONTE CASTRO,10
"ALSINA, ADOLFO 3238",393,640000,40800000,1628,103817,64,PRIMER,BALVANERA,3
Cruz del Sud al 2900 entre Vélez Sarsfield y Luzu,278,180000,12096000,647,43511,67,SEGUNDO,BARRACAS ESTE,4
MUﾃ職CAS,270,575000,36800000,2130,136296,64,SEGUNDO,VILLA CRESPO,15
OLOF PALME,340,580000,37120000,1706,109176,64,SEGUNDO,SAAVEDRA,12
Garcia de Cossio,204,280000,19460000,1373,95392,70,SEGUNDO,LINIERS,9
Av. Triunvirato,1125,3000000,208500000,2667,185333,70,SEGUNDO,VILLA ORTUZAR,15
ZAVALETA 200,201,210000,16800000,1045,83582,80,CUARTO,PARQUE PATRICIOS,4
Fernandez Blanco,1100,1300000,87360000,1182,79418,67,SEGUNDO,VILLA URQUIZA,12
avda juan bautista alberdi,447,565000,37968000,1264,84940,67,SEGUNDO,MATADEROS,9
PADILLA 300,204,1050000,70560000,5147,345882,67,SEGUNDO,VILLA CRESPO,15
Bolivia 1900,152,185000,12432000,1217,81789,67,SEGUNDO,VILLA GRAL. MITRE,11
24 de Noviembre,1069,1800000,115200000,1683,107734,64,SEGUNDO,SAN CRISTOBAL,3
COMBATIENTES DE MALVINAS,177,635000,40640000,3588,229605,64,SEGUNDO,PARQUE CHAS,15
Catamarca,272,570000,39615000,2096,145643,70,SEGUNDO,BALVANERA,3
Valle al 200,438,2100000,145950000,4795,333219,70,SEGUNDO,CABALLITO,6
La Pampa,217,570000,38304000,2627,176516,67,SEGUNDO,VILLA URQUIZA,12
Juan De Garay 2400,300,620000,39680000,2067,132267,64,SEGUNDO,SAN CRISTOBAL,3
ALSINA,554,850000,57120000,1534,103105,67,SEGUNDO,BALVANERA,3
CONCORDIA,382,400000,25600000,1047,67016,64,SEGUNDO,VILLA DEVOTO NORTE,11
BOLIVIA,554,1600000,102400000,2888,184838,64,SEGUNDO,FLORES NORTE,7
Guardia Nacional,368,800000,53760000,2174,146087,67,SEGUNDO,VILLA LURO,10
FEDERICO LACROZE,430,1050000,67200000,2442,156279,64,SEGUNDO,CHACARITA,15
BRASIL,1226,1000000,69500000,816,56688,70,SEGUNDO,SAN TELMO,1
Av Cabildo,535,2300000,147200000,4299,275140,64,SEGUNDO,NUÑEZ,13
Mariano Acosta al 400,171,199000,13830500,1164,80880,70,SEGUNDO,FLORESTA,10
Bulnes,362,1300000,83200000,3591,229834,64,SEGUNDO,PALERMO,14
Mendoza,373,1900000,127680000,5094,342306,67,SEGUNDO,VILLA URQUIZA,12
Suarez,260,170000,11815000,654,45442,70,SEGUNDO,BOCA,4
HELGUERA,285,420000,29190000,1474,102421,70,SEGUNDO,AGRONOMIA,15
Pje Canada,216,450000,30240000,2083,140000,67,SEGUNDO,MONTE CASTRO,10
VENEZUELA 2500,1000,450000,28687500,450,28688,64,PRIMER,BALVANERA,3
ZARRAGA,430,980000,62720000,2279,145860,64,SEGUNDO,VILLA ORTUZAR,15
Cuenca al 1100,261,450000,30240000,1724,115862,67,SEGUNDO,VILLA SANTA RITA,11
Avenida de Los Incas al 3000,900,4000000,268800000,4444,298667,67,SEGUNDO,BELGRANO,13
Pasaje Pillado 900,229,190000,12768000,830,55755,67,SEGUNDO,FLORES SUR,7
VIDAL 2766,457,699000,55920000,1530,122363,80,CUARTO,BELGRANO,13
LASCANO,350,350000,22400000,1000,64000,64,SEGUNDO,VERSALLES,10
15 DE NOVIEMBRE DE 1889,346,450000,30240000,1301,87399,67,SEGUNDO,PARQUE PATRICIOS,4
Andrés Lamas 1300,364,460000,30912000,1264,84923,67,SEGUNDO,VILLA GRAL. MITRE,11
Cnel J Pringles,154,750000,52125000,4870,338474,70,SEGUNDO,ALMAGRO,5
BARTOLOME MITRE,629,400000,25600000,636,40700,64,SEGUNDO,SAN NICOLAS,1
Julian Alvarez al 1500,217,563600,39170200,2597,180508,70,SEGUNDO,PALERMO,14
Av Gaona,220,680000,45696000,3091,207709,67,SEGUNDO,VILLA SANTA RITA,11
"CARRIL, SALVADOR MARIA DEL 2200",118,265000,16893750,2246,143167,64,PRIMER,VILLA PUEYRREDON,12
Martinez Rosas,244,450000,28800000,1844,118033,64,SEGUNDO,VILLA CRESPO,15
belgrano al 3900,750,1280000,88960000,1707,118613,70,SEGUNDO,ALMAGRO,5
Luis Viale,207,280000,19460000,1353,94010,70,SEGUNDO,VILLA GRAL. MITRE,11
Mosconi,696,4200000,268800000,6034,386207,64,SEGUNDO,VILLA DEVOTO NORTE,11
Dr L Belaustegui,845,650000,43680000,769,51692,67,SEGUNDO,CABALLITO,6
Ramon Falcon,148,250000,16800000,1689,113514,67,SEGUNDO,VELEZ SARSFIELD,10
Julian Alvarez,195,589000,39580800,3021,202978,67,SEGUNDO,VILLA CRESPO,15
Sucre,112,690000,47955000,6161,428170,70,SEGUNDO,BELGRANO,13
"VIRASORO, VALENTIN",206,390000,24960000,1893,121165,64,SEGUNDO,VILLA CRESPO,15
Nogoya 2800,290,600000,40320000,2069,139034,67,SEGUNDO,VILLA DEL PARQUE,11
RIVADAVIA,596,2900000,185600000,4866,311409,64,SEGUNDO,VILLA SANTA RITA,11
ENTRE RIOS 600,105,400000,25500000,3810,242857,64,PRIMER,BALVANERA,3
Estomba,300,540000,36288000,1800,120960,67,SEGUNDO,COGHLAN,12
Dr C Argerich,140,278000,17792000,1986,127086,64,SEGUNDO,VILLA DEL PARQUE,11
PERGAMINO 100,161,290000,18487500,1801,114829,64,TERCER,FLORESTA,10
Roque Perez al 2900,300,610000,42395000,2033,141317,70,SEGUNDO,COGHLAN,12
J De Amenabar,153,850000,59075000,5556,386111,70,SEGUNDO,COLEGIALES,13
MEXICO al 1500,202,800000,51200000,3960,253465,64,SEGUNDO,MONTSERRAT,1
Charlone,333,600000,40320000,1802,121081,67,SEGUNDO,CHACARITA,15
CONDE 2200,208,860000,54825000,4135,263582,64,TERCER,BELGRANO,13
CONGRESO,386,1050000,67200000,2720,174093,64,SEGUNDO,BELGRANO,13
"MITRE, BARTOLOME 848",328,1180000,94400000,3598,287805,80,CUARTO,SAN NICOLAS,1
Famatina,195,310000,19840000,1590,101744,64,SEGUNDO,PARQUE PATRICIOS,4
VENEZUELA 3200,423,560000,35700000,1324,84397,64,PRIMER,BALVANERA,3
Lopez Buchardo Carlos,398,650000,45175000,1633,113505,70,SEGUNDO,SAAVEDRA,12
Peru al 1300,692,800000,55600000,1156,80347,70,SEGUNDO,SAN TELMO,1
Eva Peron,600,630000,40320000,1050,67200,64,SEGUNDO,PARQUE AVELLANEDA,9
"AV. Alberdi, Juan Bautista",256,870000,55680000,3398,217500,64,SEGUNDO,FLORES NORTE,7
Avenida Dorrego,305,650000,41600000,2131,136393,64,SEGUNDO,CHACARITA,15
Av. Independencia,254,940000,65330000,3701,257205,70,SEGUNDO,BALVANERA,3
Gurruchaga,492,2200000,147840000,4472,300488,67,SEGUNDO,VILLA CRESPO,15
Cnel R L Falcon,164,260000,17472000,1585,106537,67,SEGUNDO,VELEZ SARSFIELD,10
DELGADO 600,172,395000,31600000,2296,183721,80,CUARTO,COLEGIALES,13
Claudio M Cuenca,213,1390000,88960000,6526,417653,64,SEGUNDO,VILLA DEL PARQUE,11
MEXICO al 2800,238,380000,25536000,1597,107294,67,SEGUNDO,BALVANERA,3
24 DE NOVIEMBRE 51,4109,3500000,223125000,852,54302,64,PRIMER,BALVANERA,3
Humberto 1°,457,650000,41600000,1422,91028,64,SEGUNDO,CONSTITUCION,1
Cruz del Sud al 2900 entre Vélez Sarsfield y Luzu,278,180000,11520000,647,41439,64,SEGUNDO,BARRACAS ESTE,4
Tucuman,302,850000,57120000,2815,189139,67,SEGUNDO,BALVANERA,3
BALLIVIAN,245,430000,28896000,1755,117943,67,SEGUNDO,VILLA ORTUZAR,15
Del Valle Iberlucea,834,750000,48000000,899,57554,64,SEGUNDO,BOCA,4
Sarmiento al 3000,1000,1900000,132050000,1900,132050,70,SEGUNDO,BALVANERA,3
Jose E Colombres,375,355000,23856000,947,63616,67,SEGUNDO,BOEDO,5
Bolivia 1900,152,185000,11840000,1217,77895,64,SEGUNDO,VILLA GRAL. MITRE,11
CAMARONES,534,590000,37760000,1105,70712,64,SEGUNDO,VILLA GRAL. MITRE,11
Castro Barros al 700,264,900000,57600000,3409,218182,64,SEGUNDO,BOEDO,5
Plaza,450,1295000,90002500,2878,200006,70,SEGUNDO,VILLA ORTUZAR,15
Thames,182,730000,50735000,4011,278764,70,SEGUNDO,VILLA CRESPO,15
ARAUJO,335,230000,14720000,687,43940,64,SEGUNDO,MATADEROS,9
Castillo,150,450000,30240000,3000,201600,67,SEGUNDO,VILLA CRESPO,15
PAEZ 1700,239,290000,23200000,1213,97071,80,CUARTO,FLORES NORTE,7
Jose P Tamborini,401,650000,41600000,1621,103730,64,SEGUNDO,VILLA URQUIZA,12
LAVALLEJA,200,730000,50735000,3650,253675,70,SEGUNDO,VILLA CRESPO,15
BOGOTA,589,890000,61855000,1511,105017,70,SEGUNDO,FLORES NORTE,7
M Sanchez,540,570000,39615000,1056,73361,70,SEGUNDO,VILLA GRAL. MITRE,11
AMENABAR 1800,93,630000,50400000,6774,541936,80,CUARTO,BELGRANO,13
Concordia,510,390000,26208000,765,51388,67,SEGUNDO,VILLA SANTA RITA,11
E Mitre,347,700000,44800000,2017,129107,64,SEGUNDO,PARQUE CHACABUCO,7
Av Triunvirato,175,850000,54400000,4857,310857,64,SEGUNDO,VILLA ORTUZAR,15
Jose Luis Cantilo al 4100,660,1080000,72576000,1636,109964,67,SEGUNDO,VILLA DEVOTO SUR,11
Machaín,117,390000,24960000,3333,213333,64,SEGUNDO,SAAVEDRA,12
TEODORO VILARDEBO al 2100,210,430000,28896000,2048,137600,67,SEGUNDO,VILLA DEL PARQUE,11
Moreto al 700,319,210000,13440000,658,42132,64,SEGUNDO,PARQUE AVELLANEDA,9
Achega al 3200,428,416000,28912000,972,67551,70,SEGUNDO,VILLA URQUIZA,12
Chacabuco,375,1200000,76800000,3200,204800,64,SEGUNDO,SAN TELMO,1
Humberto Primero y Catamarca,2006,2700000,172800000,1346,86142,64,SEGUNDO,SAN CRISTOBAL,3
Jose A Miralla,260,250000,17375000,962,66827,70,SEGUNDO,MATADEROS,9
DARWIN,374,650000,41600000,1738,111230,64,SEGUNDO,VILLA CRESPO,15
Gral Daniel Cerri,189,280000,18816000,1481,99556,67,SEGUNDO,BARRACAS ESTE,4
CIUDAD DE LA PAZ 3000,254,930000,59287500,3661,233415,64,TERCER,NUÑEZ,13
Arenales,383,2350000,157920000,6136,412324,67,SEGUNDO,RECOLETA,2
CORREA,165,245000,17027500,1485,103197,70,SEGUNDO,SAAVEDRA,12
Montañeses,91,495000,34402500,5440,378049,70,SEGUNDO,NUÑEZ,13
BAHIA BLANCA al 2100,218,370000,24864000,1697,114055,67,SEGUNDO,MONTE CASTRO,10
BUCARELLI,422,1190000,76160000,2820,180474,64,SEGUNDO,VILLA URQUIZA,12
Gascón 1400,149,520000,36140000,3490,242550,70,SEGUNDO,PALERMO,14
Ibera,145,265000,16960000,1828,116966,64,SEGUNDO,VILLA URQUIZA,12
Av. Chiclana,346,880000,56320000,2543,162775,64,SEGUNDO,BOEDO,5
Humboldt Al,400,1100000,76450000,2750,191125,70,SEGUNDO,PALERMO,14
Mexico,240,600000,41700000,2500,173750,70,SEGUNDO,MONTSERRAT,1
Cespedes,208,1500000,104250000,7212,501202,70,SEGUNDO,PALERMO,14
ASUNCION 3000,338,445000,35600000,1317,105325,80,CUARTO,AGRONOMIA,15
Andonaegui,118,420000,26880000,3559,227797,64,SEGUNDO,VILLA URQUIZA,12
Av Asamblea,280,1200000,76800000,4286,274286,64,SEGUNDO,PARQUE CHACABUCO,7
Fray J W Achaval,346,1200000,76800000,3468,221965,64,SEGUNDO,CABALLITO,6
California al 900,250,285000,19152000,1140,76608,67,SEGUNDO,BOCA,4
Bauness 2000,387,1100000,73920000,2842,191008,67,SEGUNDO,VILLA URQUIZA,12
Humberto 1º al 1900,548,690000,46368000,1259,84613,67,SEGUNDO,BALVANERA,3
BRANDSEN 401,1348,1350000,86062500,1001,63845,64,PRIMER,BOCA,4
GIBSON 4100,350,260000,16575000,743,47357,64,PRIMER,BOEDO,5
Ciudad de la Paz,420,1800000,115200000,4286,274286,64,SEGUNDO,COLEGIALES,13
Gral Fructuoso Rivera,300,200000,12800000,667,42667,64,SEGUNDO,VILLA RIACHUELO,8
VIRREY LORETO,2390,2500000,168000000,1046,70293,67,SEGUNDO,CHACARITA,15
AGUIRRE,289,645000,41280000,2232,142837,64,SEGUNDO,VILLA CRESPO,15
VELASCO 1000,576,690000,47955000,1198,83255,70,SEGUNDO,VILLA CRESPO,15
Donizetti,600,1200000,80640000,2000,134400,67,SEGUNDO,VILLA LURO,10
CORDOBA 600,600,2500000,200000000,4167,333333,80,CUARTO,SAN NICOLAS,1
GARIBALDI 1500,250,90000,7200000,360,28800,80,CUARTO,BOCA,4
PARAGUAY 4600,204,930000,59287500,4559,290625,64,TERCER,PALERMO,14
Juan Agustin Garcia,95,200000,13440000,2105,141474,67,SEGUNDO,VILLA GRAL. MITRE,11
"ALVAREZ, THOMAS",157,850000,54400000,5414,346497,64,SEGUNDO,VILLA URQUIZA,12
Jose E Colombres,375,355000,24672500,947,65793,70,SEGUNDO,BOEDO,5
Tucuman,1471,3600000,230400000,2447,156628,64,SEGUNDO,BALVANERA,3
CATAMARCA,765,1300000,90350000,1699,118105,70,SEGUNDO,BALVANERA,3
Terrero,155,320000,22240000,2065,143484,70,SEGUNDO,VILLA GRAL. MITRE,11
"MAGNAUD, Juez 1100",192,220000,14025000,1146,73047,64,TERCER,NUEVA POMPEYA,4
Mercedes,1055,1200000,76800000,1137,72796,64,SEGUNDO,MONTE CASTRO,10
CONESA 2900,195,600000,38250000,3077,196154,64,TERCER,BELGRANO,13
Enrique Ochoa,98,85000,5712000,867,58286,67,SEGUNDO,NUEVA POMPEYA,4
PATAGONES 2600,450,650000,41437500,1444,92083,64,TERCER,PARQUE PATRICIOS,4
Ceretti,84,349000,23452800,4155,279200,67,SEGUNDO,VILLA URQUIZA,12
ESTOMBA,225,450000,28800000,2000,128000,64,SEGUNDO,VILLA ORTUZAR,15
DEAN FUNES 500,248,340000,27200000,1371,109677,80,CUARTO,BALVANERA,3
EUCLIDES,272,220000,14080000,809,51765,64,SEGUNDO,VILLA LURO,10
PEDERNERA 563,434,700000,44625000,1613,102823,64,PRIMER,FLORES SUR,7
VENEZUELA 3031,270,228000,18240000,844,67556,80,CUARTO,BALVANERA,3
CATAMARCA al 400,266,570000,38304000,2143,144000,67,SEGUNDO,BALVANERA,3
Lanza,210,145000,10077500,690,47988,70,SEGUNDO,NUEVA POMPEYA,4
VARELA,244,420000,28224000,1721,115672,67,SEGUNDO,FLORES SUR,7
SAN JUAN,312,900300,60500160,2886,193911,67,SEGUNDO,BOEDO,5
Alfredo Bufano al 1900,135,169900,11808050,1259,87467,70,SEGUNDO,VILLA GRAL. MITRE,11
Av. Fco. Beiro,260,750000,50400000,2885,193846,67,SEGUNDO,VILLA DEVOTO SUR,11
Albariño,222,270000,18765000,1216,84527,70,SEGUNDO,VILLA LURO,10
B Mitre,794,1800000,125100000,2267,157557,70,SEGUNDO,ALMAGRO,5
Av. Alvarez Jonte,304,390000,27105000,1283,89161,70,SEGUNDO,VILLA DEL PARQUE,11
Cnel F Allende,440,700000,44800000,1591,101818,64,SEGUNDO,VILLA DEVOTO SUR,11
Gral Mariano Necochea,237,140000,9730000,591,41055,70,SEGUNDO,BOCA,4
GODOY CRUZ 1200,216,460000,36800000,2130,170370,80,CUARTO,VILLA CRESPO,15
Av Nazca,650,2300000,154560000,3538,237785,67,SEGUNDO,VILLA DEL PARQUE,11
Amenabar,995,850000,54400000,854,54673,64,SEGUNDO,BELGRANO,13
Aranguren 4780 - Corazón De Floresta Holywood - L,398,449900,28793600,1130,72346,64,SEGUNDO,VELEZ SARSFIELD,10
L Griveo,173,280000,17920000,1618,103584,64,SEGUNDO,VILLA PUEYRREDON,12
MONROE,273,2300000,147200000,8425,539194,64,SEGUNDO,COGHLAN,12
Quintino Bocayuva,248,580000,40310000,2339,162540,70,SEGUNDO,ALMAGRO,5
Av Lisandro de la Torre,197,310000,19840000,1574,100711,64,SEGUNDO,LINIERS,9
Nazca al 1700,210,805000,51520000,3833,245333,64,SEGUNDO,VILLA SANTA RITA,11
Solano Lopez,371,360000,24192000,970,65208,67,SEGUNDO,AGRONOMIA,15
vidal,372,1100000,76450000,2957,205511,70,SEGUNDO,NUÑEZ,13
FERRE,301,220000,14080000,731,46777,64,SEGUNDO,VILLA RIACHUELO,8
ARAUJO,2019,1150000,79925000,570,39586,70,SEGUNDO,MATADEROS,9
Constituyentes al 6100,1500,4000000,268800000,2667,179200,67,SEGUNDO,VILLA URQUIZA,12
Av. La Plata 500,420,1300000,83200000,3095,198095,64,SEGUNDO,CABALLITO,6
Plaza,139,350000,24325000,2518,175000,70,SEGUNDO,SAAVEDRA,12
Cramer,1200,2900000,194880000,2417,162400,67,SEGUNDO,BELGRANO,13
LAVALLE 3600,200,930000,59287500,4650,296438,64,PRIMER,ALMAGRO,5
"JUSTO, JUAN B. 2200",893,2500000,200000000,2800,223964,80,CUARTO,VILLA CRESPO,15
JUSTO JUAN B,381,1100000,73920000,2887,194016,67,SEGUNDO,VILLA CRESPO,15
Arcos 2300,375,2300000,159850000,6133,426267,70,SEGUNDO,BELGRANO,13
AV CORDOBA Y SUIPACHA,280,2500000,160000000,8929,571429,64,SEGUNDO,RETIRO,1
Av J Ignacio Garmendia,202,259900,17465280,1287,86462,67,SEGUNDO,PATERNAL,15
LA PLATA 1800,142,300000,19125000,2113,134683,64,PRIMER,PARQUE CHACABUCO,7
DEL TEMPLE 2700,156,327000,20846250,2096,133630,64,TERCER,PARQUE CHAS,15
"FRIAS,  EUSTAQUIO, TTE. GRAL. 100",224,770000,61600000,3438,275000,80,CUARTO,VILLA CRESPO,15
Av Alvarez Thomas,500,2500000,168000000,5000,336000,67,SEGUNDO,COLEGIALES,13
Carolina Muzilli,81,100000,6950000,1235,85802,70,SEGUNDO,MATADEROS,9
TINOGASTA 2700,211,620000,43090000,2938,204218,70,SEGUNDO,AGRONOMIA,15
Av. Juan Bautista Alberdi al 300,338,1280000,86016000,3787,254485,67,SEGUNDO,CABALLITO,6
Tronador,940,850000,57120000,904,60766,67,SEGUNDO,COGHLAN,12
PEDRO MORAN,165,235000,15792000,1424,95709,67,SEGUNDO,VILLA REAL,10
Av Montes De Oca,259,565000,37968000,2181,146595,67,SEGUNDO,BARRACAS ESTE,4
TANDIL,230,350000,22400000,1522,97391,64,SEGUNDO,PARQUE AVELLANEDA,9
Oliden,251,220000,14080000,876,56096,64,SEGUNDO,MATADEROS,9
Salvador Maria del Carril 2100,240,410000,26240000,1708,109333,64,SEGUNDO,VILLA PUEYRREDON,12
Malabia y Murillo,340,399000,25536000,1174,75106,64,SEGUNDO,VILLA CRESPO,15
COLOMBRES 1300,117,280000,17920000,2393,153162,64,SEGUNDO,BOEDO,5
OLAVARRIA,977,1100000,76450000,1126,78250,70,SEGUNDO,BOCA,4
RIO DE JANEIRO,310,950000,63840000,3065,205935,67,SEGUNDO,CABALLITO,6
Av Argentina,220,115000,7728000,523,35127,67,SEGUNDO,VILLA LUGANO,8
Olazábal,184,810000,54432000,4402,295826,67,SEGUNDO,BELGRANO,13
FAMATINA 3565,451,329000,22108800,729,49022,67,SEGUNDO,PARQUE PATRICIOS,4
THAMES,432,765000,48960000,1771,113333,64,SEGUNDO,VILLA CRESPO,15
Uruguay,342,1150000,73600000,3363,215205,64,SEGUNDO,SAN NICOLAS,1
Sarmiento al 3000,1000,1900000,127680000,1900,127680,67,SEGUNDO,BALVANERA,3
CONSTITUCION 4000,308,690000,43987500,2240,142817,64,PRIMER,BOEDO,5
LERMA,227,850000,59075000,3744,260242,70,SEGUNDO,VILLA CRESPO,15
Hipolito Yrigoyen 2452,554,799000,53692800,1442,96918,67,SEGUNDO,BALVANERA,3
Gavilan,388,390000,24960000,1005,64330,64,SEGUNDO,VILLA GRAL. MITRE,11
Jose Cubas,155,450000,30240000,2903,195097,67,SEGUNDO,VILLA DEVOTO NORTE,11
Bacacay,473,474000,30336000,1002,64135,64,SEGUNDO,FLORESTA,10
Matheu,322,320000,20480000,994,63602,64,SEGUNDO,PARQUE PATRICIOS,4
Barzana,182,299000,19136000,1643,105143,64,SEGUNDO,PARQUE CHAS,15
ALBERTI,367,549000,36892800,1496,100525,67,SEGUNDO,BALVANERA,3
Viamonte,1850,1850000,124320000,1000,67200,67,SEGUNDO,SAN NICOLAS,1
J V Gonzalez,412,389000,26140800,944,63449,67,SEGUNDO,FLORESTA,10
ASUNCION,261,290000,18560000,1111,71111,64,SEGUNDO,AGRONOMIA,15
Luzuriaga,144,120000,8064000,833,56000,67,SEGUNDO,BARRACAS ESTE,4
carlos calvo,275,390000,27105000,1418,98564,70,SEGUNDO,CONSTITUCION,1
OLAYA,416,500000,32000000,1202,76923,64,SEGUNDO,VILLA CRESPO,15
García Grande de Zequeira al 5600,176,220000,14784000,1250,84000,67,SEGUNDO,MATADEROS,9
Araoz al 1500,682,600000,40320000,880,59120,67,SEGUNDO,PALERMO,14
CONSTITUCION 1500,270,320000,25600000,1185,94815,80,CUARTO,CONSTITUCION,1
AGUIRRE,107,550000,35200000,5140,328972,64,SEGUNDO,VILLA CRESPO,15
Cachi,153,135000,9382500,882,61324,70,SEGUNDO,NUEVA POMPEYA,4
Virrey Liniers e Independencia,661,1862000,125126400,2817,189299,67,SEGUNDO,ALMAGRO,5
"JUSTO, JUAN B.",546,4500000,288000000,8242,527473,64,SEGUNDO,PALERMO,14
"FALCON, RAMON L.,CNEL. 1500",1382,1000000,63750000,724,46129,64,TERCER,CABALLITO,6
Castro Barros,148,550000,36960000,3725,250322,67,SEGUNDO,ALMAGRO,5
Valdenegro al 4400,360,650000,43680000,1806,121333,67,SEGUNDO,SAAVEDRA,12
Felix Foullier,235,600000,38400000,2553,163404,64,SEGUNDO,VILLA URQUIZA,12
Sanabria al 4200,660,1000000,67200000,1515,101818,67,SEGUNDO,VILLA DEVOTO NORTE,11
Carranza Angel 1400,453,1650000,105600000,3642,233113,64,SEGUNDO,PALERMO,14
DARWIN,277,470000,30080000,1697,108592,64,SEGUNDO,VILLA CRESPO,15
TALCAHUANO 100,304,1500000,95625000,4934,314556,64,TERCER,SAN NICOLAS,1
A Pacheco,420,2000000,139000000,4762,330952,70,SEGUNDO,VILLA URQUIZA,12
Habana,366,450000,30240000,1230,82623,67,SEGUNDO,VILLA DEVOTO NORTE,11
CAMARGO,234,900000,57600000,3846,246154,64,SEGUNDO,VILLA CRESPO,15
Bahia Blanca,355,410000,26240000,1155,73915,64,SEGUNDO,FLORESTA,10
ALLENDE,290,550000,35200000,1897,121379,64,SEGUNDO,VILLA DEVOTO SUR,11
Felipe Vallese,116,249000,17305500,2147,149185,70,SEGUNDO,FLORES NORTE,7
Virrey Del Pino,184,1100000,76450000,5978,415489,70,SEGUNDO,BELGRANO,13
Potosi,349,980000,65856000,2808,188699,67,SEGUNDO,ALMAGRO,5
ARAUJO,2019,1150000,73600000,570,36454,64,SEGUNDO,MATADEROS,9
Las Casas,160,245000,15680000,1531,98000,64,SEGUNDO,BOEDO,5
TRES ARROYOS 3400,155,240000,19200000,1548,123871,80,CUARTO,VILLA SANTA RITA,11
San Nicolas,166,240000,15360000,1446,92530,64,SEGUNDO,VILLA DEVOTO NORTE,11
Montes De Oca,3534,8000000,537600000,2264,152122,67,SEGUNDO,BARRACAS ESTE,4
Ing. Huergo,1338,6500000,436800000,4858,326457,67,SEGUNDO,SAN TELMO,1
Fortin Melincue,351,400000,26880000,1140,76581,67,SEGUNDO,VILLA DEL PARQUE,11
LA PLATA 2740,442,540000,34425000,1222,77885,64,PRIMER,NUEVA POMPEYA,4
Av Directorio,167,650000,45175000,3892,270509,70,SEGUNDO,CABALLITO,6
Cnel R L Falcon,470,350000,22400000,745,47660,64,SEGUNDO,VILLA LURO,10
Av Congreso,1470,950000,66025000,646,44915,70,SEGUNDO,VILLA URQUIZA,12
ROCAMORA,1300,780000,49920000,600,38400,64,SEGUNDO,ALMAGRO,5
GURRUCHAGA,122,390000,26208000,3197,214820,67,SEGUNDO,VILLA CRESPO,15
PEDRO RIVERA,377,550000,38225000,1459,101414,70,SEGUNDO,COGHLAN,12
donado al 3700,290,345000,22080000,1190,76138,64,SEGUNDO,SAAVEDRA,12
Cabrera,161,700000,48650000,4348,302174,70,SEGUNDO,PALERMO,14
"PEDRAZA, MANUELA",485,470000,30080000,969,62021,64,SEGUNDO,VILLA URQUIZA,12
RIVADAVIA 6116,379,2100000,168000000,5541,443272,80,CUARTO,CABALLITO,6
Crisostomo Alvarez,168,120000,8064000,714,48000,67,SEGUNDO,VILLA LUGANO,8
charlone,447,950000,63840000,2125,142832,67,SEGUNDO,CHACARITA,15
PILAR,329,400000,26880000,1216,81702,67,SEGUNDO,LINIERS,9
Quesada 3000,225,770000,51744000,3422,229973,67,SEGUNDO,NUÑEZ,13
Tarija,227,450000,28800000,1982,126872,64,SEGUNDO,BOEDO,5
COCHABAMBA 3100,216,280000,17850000,1296,82639,64,PRIMER,SAN CRISTOBAL,3
Constitución al 3500,677,480000,32256000,709,47645,67,SEGUNDO,BOEDO,5
Av San Juan entre San José y Santiago del Estero,255,449000,31205500,1761,122375,70,SEGUNDO,CONSTITUCION,1
MACHAIN 4800,107,179000,11411250,1673,106647,64,TERCER,SAAVEDRA,12
Mercedes,212,350000,24325000,1651,114741,70,SEGUNDO,FLORESTA,10
Gral M De Escalada,303,650000,41600000,2145,137294,64,SEGUNDO,MATADEROS,9
LA PLATA 1600,1453,1690000,107737500,1163,74148,64,PRIMER,PARQUE CHACABUCO,7
Dean Funes,230,380000,25536000,1652,111026,67,SEGUNDO,SAN CRISTOBAL,3
PILAR,329,400000,27800000,1216,84498,70,SEGUNDO,LINIERS,9
Trelles 2600,145,220000,14784000,1517,101959,67,SEGUNDO,PATERNAL,15
Olleros al 3200,200,595000,38080000,2975,190400,64,SEGUNDO,COLEGIALES,13
Dean Funes,279,220000,15290000,789,54803,70,SEGUNDO,SAN CRISTOBAL,3
PASCO 700,324,810000,51637500,2500,159375,64,TERCER,BALVANERA,3
Emilio Lamarca 1900,421,399900,25593600,950,60792,64,SEGUNDO,VILLA SANTA RITA,11
PAREJA,450,350000,22400000,778,49778,64,SEGUNDO,VILLA PUEYRREDON,12
MOLIERE 2500,216,228000,18240000,1056,84444,80,CUARTO,VILLA REAL,10
Nuñez al 3300,110,270000,18144000,2455,164945,67,SEGUNDO,SAAVEDRA,12
"RIVERA, PEDRO I., Dr.",2800,1700000,108800000,607,38857,64,SEGUNDO,VILLA URQUIZA,12
Manuel B Gallardo,2148,1300000,83200000,605,38734,64,SEGUNDO,VERSALLES,10
Belgrano Av.,303,880000,56320000,2904,185875,64,SEGUNDO,BALVANERA,3
Muñecas,216,660000,45870000,3056,212361,70,SEGUNDO,VILLA CRESPO,15
Solano Lopez  al 2700,256,400000,27800000,1562,108594,70,SEGUNDO,AGRONOMIA,15
"GALLARDO ANGEL, AVDA. 500",535,2500000,168000000,4673,314019,67,SEGUNDO,VILLA CRESPO,15
José Bonifacio 3910,210,259000,17404800,1233,82880,67,SEGUNDO,PARQUE AVELLANEDA,9
CERVANTES,138,270000,17280000,1956,125163,64,SEGUNDO,MONTE CASTRO,10
IBARROLA 6700,214,350000,22312500,1636,104264,64,TERCER,LINIERS,9
Av. Gaona al 1800,790,2500000,160000000,3165,202532,64,SEGUNDO,CABALLITO,6
QUESADA,286,498000,31872000,1741,111441,64,SEGUNDO,COGHLAN,12
Ferrari 318,132,360000,24192000,2727,183273,67,SEGUNDO,VILLA CRESPO,15
San Blas,460,543000,36489600,1180,79325,67,SEGUNDO,MONTE CASTRO,10
AUSTRIA,320,1950000,124800000,6094,390000,64,SEGUNDO,RECOLETA,2
Sucre,112,690000,44160000,6161,394286,64,SEGUNDO,BELGRANO,13
SANTO DOMINGO 4200,221,300000,19125000,1357,86538,64,PRIMER,NUEVA POMPEYA,4
VELASCO 1000,576,690000,46368000,1198,80500,67,SEGUNDO,VILLA CRESPO,15
Cuenca,367,360000,25020000,981,68174,70,SEGUNDO,VILLA SANTA RITA,11
MURILLO,314,850000,54400000,2707,173248,64,SEGUNDO,VILLA CRESPO,15
Paraguay,305,1050000,67200000,3443,220328,64,SEGUNDO,PALERMO,14
Paysandu,207,450000,31275000,2174,151087,70,SEGUNDO,CABALLITO,6
LAVALLEJA,2400,1290000,82560000,538,34400,64,SEGUNDO,PALERMO,14
WHITE,192,185000,11840000,964,61667,64,SEGUNDO,PARQUE AVELLANEDA,9
LIBERTAD 52,171,530000,36835000,3099,215409,70,SEGUNDO,RETIRO,1
Camarones,450,670000,42880000,1489,95289,64,SEGUNDO,FLORESTA,10
URQUIZA,554,850000,54400000,1534,98195,64,SEGUNDO,BALVANERA,3
CHICLANA,332,330000,21120000,994,63614,64,SEGUNDO,NUEVA POMPEYA,4
Del Barco Centenera,383,1000000,67200000,2611,175457,67,SEGUNDO,CABALLITO,6
Bacacay,228,290000,20155000,1272,88399,70,SEGUNDO,VELEZ SARSFIELD,10
QUERANDIES,239,500000,34750000,2092,145397,70,SEGUNDO,ALMAGRO,5
Homero 400,146,259000,17404800,1774,119211,67,SEGUNDO,VILLA LURO,10
Ferrari 318,132,360000,23040000,2727,174545,64,SEGUNDO,VILLA CRESPO,15
EPUYEN 500,356,1300000,82875000,3652,232795,64,PRIMER,CABALLITO,6
Monroe,100,600000,40320000,5970,401194,67,SEGUNDO,VILLA URQUIZA,12
Alberdi,202,390000,24960000,1931,123564,64,SEGUNDO,VILLA LURO,10
Dr Pedro Ignacio Rivera,125,530000,35616000,4240,284928,67,SEGUNDO,VILLA URQUIZA,12
Lafuente,165,180000,12510000,1091,75818,70,SEGUNDO,FLORES SUR,7
vidal al 1800,170,880000,56320000,5176,331294,64,SEGUNDO,BELGRANO,13
M Sanchez,740,520000,36140000,703,48838,70,SEGUNDO,VILLA GRAL. MITRE,11
Estomba,300,540000,34560000,1800,115200,64,SEGUNDO,COGHLAN,12
Directorio Avda.,179,362000,23168000,2022,129430,64,SEGUNDO,PARQUE AVELLANEDA,9
Talcahuano,298,1500000,100800000,5034,338255,67,SEGUNDO,SAN NICOLAS,1
San Nicolas,166,240000,16680000,1446,100482,70,SEGUNDO,VILLA DEVOTO NORTE,11
CONDARCO,411,1600000,102400000,3893,249148,64,SEGUNDO,VILLA DEL PARQUE,11
Zapiola,776,1300000,87360000,1675,112577,67,SEGUNDO,NUÑEZ,13
Pieres 500,260,280000,19460000,1077,74846,70,SEGUNDO,LINIERS,9
TRELLES 1777,296,490000,32928000,1655,111243,67,SEGUNDO,VILLA GRAL. MITRE,11
DE PAULA Y RODRIGUEZ ALVES,190,250000,17375000,1316,91447,70,SEGUNDO,LINIERS,9
CIUDAD DE LA PAZ 800,1448,1080000,68850000,746,47548,64,TERCER,COLEGIALES,13
Albariño al 900,155,310000,21545000,2000,139000,70,SEGUNDO,MATADEROS,9
ASUNCION,1040,3000000,208500000,2885,200481,70,SEGUNDO,VILLA DEVOTO NORTE,11
Quesada,263,1250000,84000000,4753,319392,67,SEGUNDO,NUÑEZ,13
Laguna,187,179900,11513600,962,61570,64,SEGUNDO,VELEZ SARSFIELD,10
Rincon al 1100,215,450000,28800000,2093,133953,64,SEGUNDO,SAN CRISTOBAL,3
Av. Lope de Vega,227,650000,43680000,2863,192423,67,SEGUNDO,VILLA LURO,10
Conesa,485,490000,34055000,1010,70216,70,SEGUNDO,SAAVEDRA,12
"JUSTO, JUAN B.",150,290000,18560000,1933,123733,64,SEGUNDO,VILLA CRESPO,15
FONROUGE,258,420000,28224000,1628,109395,67,SEGUNDO,MATADEROS,9
BALLIVIAN,245,430000,29885000,1755,121980,70,SEGUNDO,VILLA ORTUZAR,15
Tacuari,930,630000,40320000,677,43355,64,SEGUNDO,CONSTITUCION,1
Villaroel,124,550000,38225000,4435,308266,70,SEGUNDO,VILLA CRESPO,15
LOYOLA,241,690000,44160000,2863,183237,64,SEGUNDO,CHACARITA,15
Antezana  500,400,2650000,184175000,6625,460438,70,SEGUNDO,VILLA CRESPO,15
Hernandarias 1300,322,389000,24896000,1208,77317,64,SEGUNDO,BOCA,4
Garcia De Cossio,200,280000,17920000,1400,89600,64,SEGUNDO,LINIERS,9
PICO 4600,130,210000,16800000,1615,129231,80,CUARTO,SAAVEDRA,12
JOSÉ MÁRMOL,214,850000,59075000,3966,275614,70,SEGUNDO,ALMAGRO,5
IBARROLA,444,900000,57600000,2027,129730,64,SEGUNDO,LINIERS,9
Costa Rica al 5400,1638,1370000,95215000,836,58129,70,SEGUNDO,PALERMO,14
Juan A Garcia,700,1150000,73600000,1643,105143,64,SEGUNDO,VILLA SANTA RITA,11
Campana al 4700,249,515000,35792500,2068,143745,70,SEGUNDO,VILLA DEVOTO NORTE,11
"GALLARDO, ANGEL",168,1300000,83200000,7738,495238,64,SEGUNDO,VILLA CRESPO,15
MUÑIZ 800,4832,2100000,168000000,435,34768,80,CUARTO,BOEDO,5
Dean Funes,208,299000,20780500,1438,99906,70,SEGUNDO,BALVANERA,3
Andonaegui,118,420000,29190000,3559,247373,70,SEGUNDO,VILLA URQUIZA,12
Malavia,654,3450000,239775000,5275,366628,70,SEGUNDO,PALERMO,14
Aristobulo Del Valle,348,300000,20850000,862,59914,70,SEGUNDO,BOCA,4
LAVALLEJA,200,730000,46720000,3650,233600,64,SEGUNDO,VILLA CRESPO,15
ESTADOS UNIDOS al 3000,283,400000,25600000,1413,90459,64,SEGUNDO,SAN CRISTOBAL,3
Avda. La Plata,491,950000,60800000,1935,123829,64,SEGUNDO,PARQUE CHACABUCO,7
Poeta Leopardi,317,268000,17152000,845,54107,64,SEGUNDO,VILLA LURO,10
GALVAN,110,330000,21120000,3000,192000,64,SEGUNDO,VILLA URQUIZA,12
Carlos Antonio Lopez 2100,180,450000,30240000,2500,168000,67,SEGUNDO,VILLA PUEYRREDON,12
MURILLO al 800,314,850000,59075000,2707,188137,70,SEGUNDO,VILLA CRESPO,15
.CAMPILLO,364,500000,34750000,1374,95467,70,SEGUNDO,PARQUE CHAS,15
Einstein,2013,1000000,67200000,497,33383,67,SEGUNDO,NUEVA POMPEYA,4
GASCON 1600,224,579000,46320000,2585,206786,80,CUARTO,PALERMO,14
HUMBERTO PRIMO,180,260000,16640000,1444,92444,64,SEGUNDO,SAN CRISTOBAL,3
Terrero,160,495000,31680000,3094,198000,64,SEGUNDO,FLORES NORTE,7
Magallanes,207,150001,9600064,725,46377,64,SEGUNDO,BOCA,4
RIVADAVIA 8500,1608,2500000,200000000,1555,124378,80,CUARTO,VELEZ SARSFIELD,10
Cap J G Bermudez,246,275000,17600000,1116,71429,64,SEGUNDO,MONTE CASTRO,10
Pje A Saenz Valiente,270,292000,20294000,1081,75163,70,SEGUNDO,LINIERS,9
Córdoba 4300,398,1700000,108800000,4271,273367,64,SEGUNDO,VILLA CRESPO,15
Cochabamba al 3300,85,260000,18070000,3059,212588,70,SEGUNDO,BOEDO,5
JUJUY 600,160,698000,44497500,4362,278109,64,TERCER,BALVANERA,3
QUILMES,300,189000,12096000,630,40320,64,SEGUNDO,NUEVA POMPEYA,4
"SCALABRINI ORTIZ, RAUL",161,1270000,81280000,7888,504845,64,SEGUNDO,VILLA CRESPO,15
Chile 2000,193,348000,24186000,1803,125316,70,SEGUNDO,BALVANERA,3
"REPETTO, NICOLAS, DR. 200",88,310000,24800000,3523,281818,80,CUARTO,CABALLITO,6
"CARRIL, SALVADOR MARIA DEL 3030",337,490000,39200000,1454,116320,80,CUARTO,VILLA PUEYRREDON,12
Balbastro,285,200000,13440000,702,47158,67,SEGUNDO,FLORES SUR,7
Irala,374,400000,27800000,1070,74332,70,SEGUNDO,BOCA,4
QUESADA,465,580000,37120000,1247,79828,64,SEGUNDO,VILLA URQUIZA,12
Aguirre,170,495000,34402500,2912,202368,70,SEGUNDO,VILLA CRESPO,15
VIRREY LORETO,2390,2500000,160000000,1046,66946,64,SEGUNDO,CHACARITA,15
PORTELA 208,165,150000,12000000,909,72727,80,CUARTO,FLORES NORTE,7
"UGARTE, MANUEL 3300",105,315000,20081250,3000,191250,64,PRIMER,COGHLAN,12
Carlos M. Ramirez 1500,360,225000,14400000,625,40000,64,SEGUNDO,NUEVA POMPEYA,4
OLAZABAL,407,1520000,97280000,3735,239017,64,SEGUNDO,VILLA URQUIZA,12
Somellera al 1300,174,158900,10169600,913,58446,64,SEGUNDO,NUEVA POMPEYA,4
J Salguero,652,730000,49056000,1120,75239,67,SEGUNDO,ALMAGRO,5
Av. Ricardo Balbin 3100 y Jose P. Tamborini,164,790000,54905000,4817,334787,70,SEGUNDO,COGHLAN,12
Avenida Pedro De Mendoza,670,450000,31275000,672,46679,70,SEGUNDO,BOCA,4
BESARES,150,265000,18417500,1767,122783,70,SEGUNDO,SAAVEDRA,12
De los Incas,148,330000,22176000,2230,149838,67,SEGUNDO,PARQUE CHAS,15
Uspallata,1335,4500000,288000000,3371,215730,64,SEGUNDO,NUEVA POMPEYA,4
constitución al 1700,1484,2400000,161280000,1617,108679,67,SEGUNDO,CONSTITUCION,1
Emilio Lamarca,335,298000,20025600,890,59778,67,SEGUNDO,VILLA DEVOTO NORTE,11
Brasil,342,550000,38225000,1608,111769,70,SEGUNDO,SAN TELMO,1
General Hornos,1023,1750000,117600000,1711,114956,67,SEGUNDO,BARRACAS ESTE,4
"BALBIN, RICARDO, DR. 3100",164,825000,52593750,5030,320694,64,PRIMER,COGHLAN,12
ESTOMBA,824,680000,43520000,825,52816,64,SEGUNDO,VILLA ORTUZAR,15
Nicasio Oroño,176,380000,24320000,2159,138182,64,SEGUNDO,PATERNAL,15
Tamborinii,203,180000,12510000,887,61626,70,SEGUNDO,VILLA URQUIZA,12
Medrano,912,4200000,268800000,4605,294737,64,SEGUNDO,PALERMO,14
ARCOS 2300,375,1699999,108374936,4533,289000,64,PRIMER,BELGRANO,13
SANTIAGO DE LAS CARRERAS,125,250000,17375000,2000,139000,70,SEGUNDO,VELEZ SARSFIELD,10
SERRANO,483,679000,43456000,1406,89971,64,SEGUNDO,VILLA CRESPO,15
Escalada,113,190000,13205000,1681,116858,70,SEGUNDO,VILLA LURO,10
EDUARDO ACEVEDO 80,195,900000,57600000,4615,295385,64,SEGUNDO,CABALLITO,6
Balboa al 400,1050,2000000,128000000,1905,121905,64,SEGUNDO,PATERNAL,15
CORDOBA,147,950000,66025000,6463,449150,70,SEGUNDO,PALERMO,14
Av Rivadavia 10500,439,1150000,79925000,2620,182062,70,SEGUNDO,LINIERS,9
MIRAFLORES,420,220000,14080000,524,33524,64,SEGUNDO,PARQUE CHACABUCO,7
MEDINA,160,245000,17027500,1531,106422,70,SEGUNDO,SAN NICOLAS,1
"YRIGOYEN, HIPOLITO 2100",1600,1500000,120000000,938,75000,80,CUARTO,BALVANERA,3
Ruiz De Los Llanos,368,420000,28224000,1141,76696,67,SEGUNDO,VERSALLES,10
Rondeau,185,320000,20480000,1730,110703,64,SEGUNDO,BOEDO,5
CULPINA,132,130000,8736000,985,66182,67,SEGUNDO,FLORES SUR,7
TEODORO GARCIA,150,1250000,86875000,8333,579167,70,SEGUNDO,PALERMO,14
LAVALLEJA,164,670000,42880000,4085,261463,64,SEGUNDO,VILLA CRESPO,15
Av Alberdi,230,250000,17375000,1087,75543,70,SEGUNDO,VILLA LURO,10
Magallanes,1021,1500000,100800000,1469,98727,67,SEGUNDO,BARRACAS ESTE,4
BRASIL 1400,1484,2900000,184875000,1954,124579,64,PRIMER,CONSTITUCION,1
Gral Urquiza,322,880000,61160000,2733,189938,70,SEGUNDO,SAN CRISTOBAL,3
Lavallol,300,230000,15985000,767,53283,70,SEGUNDO,VILLA SANTA RITA,11
GODOY CRUZ,251,595000,41352500,2371,164751,70,SEGUNDO,PALERMO,14
La Pampa,314,365000,25367500,1162,80788,70,SEGUNDO,VILLA URQUIZA,12
OLLEROS 3700,307,750000,47812500,2443,155741,64,PRIMER,CHACARITA,15
Av. Córdoba,449,1700000,118150000,3786,263140,70,SEGUNDO,PALERMO,14
"ESCALADA DE SAN MARTIN, R.",265,760000,48640000,2868,183547,64,SEGUNDO,VILLA CRESPO,15
Concordia,510,190000,12160000,373,23843,64,SEGUNDO,VILLA SANTA RITA,11
CORDOBA,226,1500000,100800000,6637,446018,67,SEGUNDO,VILLA CRESPO,15
Terrero al 800,481,720000,48384000,1497,100590,67,SEGUNDO,FLORES NORTE,7
Antezana  500,400,2650000,169600000,6625,424000,64,SEGUNDO,VILLA CRESPO,15
Avalos,251,850000,57120000,3386,227570,67,SEGUNDO,VILLA URQUIZA,12
HONDURAS 5300,108,650000,52000000,6018,481482,80,CUARTO,PALERMO,14
Av cordoba 5031,1516,1050000,72975000,693,48137,70,SEGUNDO,PALERMO,14
SANTIAGO DEL ESTERO al 2000,460,380000,26410000,826,57413,70,SEGUNDO,CONSTITUCION,1
Ceretti,225,515000,32960000,2289,146489,64,SEGUNDO,VILLA URQUIZA,12
Pergamino y Av. Juan Bautista Alberdi,165,350000,24325000,2121,147424,70,SEGUNDO,FLORESTA,10
Monroe,246,1345000,86080000,5467,349919,64,SEGUNDO,VILLA URQUIZA,12
Godoy Cruz,216,660000,44352000,3056,205333,67,SEGUNDO,VILLA CRESPO,15
Av Mosconi,467,1600000,107520000,3426,230236,67,SEGUNDO,VILLA PUEYRREDON,12
DARWIN,259,950000,60800000,3668,234749,64,SEGUNDO,VILLA CRESPO,15
PUAN,220,640000,40960000,2909,186182,64,SEGUNDO,PARQUE CHACABUCO,7
24 DE NOVIEMBRE 1500,997,1800000,114750000,1805,115095,64,PRIMER,SAN CRISTOBAL,3
A Vallejos,364,550000,35200000,1511,96703,64,SEGUNDO,VILLA DEVOTO NORTE,11
Avda.Forest,210,650000,45175000,3095,215119,70,SEGUNDO,COLEGIALES,13
Av.castaÑares,520,450000,30240000,865,58154,67,SEGUNDO,PARQUE CHACABUCO,7
INGENIERO HUERGO al 1400,1853,10200000,652800000,5505,352294,64,SEGUNDO,SAN TELMO,1
F Llavallol,375,470000,30080000,1253,80213,64,SEGUNDO,VILLA DEL PARQUE,11
Bartolome Mitre 3100,322,1700000,108800000,5280,337888,64,SEGUNDO,BALVANERA,3
CAMARONES,543,670000,46565000,1234,85755,70,SEGUNDO,PATERNAL,15
PATAGONES,450,650000,41600000,1444,92444,64,SEGUNDO,PARQUE PATRICIOS,4
Julian Alvarez,195,589000,37696000,3021,193313,64,SEGUNDO,VILLA CRESPO,15
Trelles 1200,437,449900,31268050,1030,71552,70,SEGUNDO,VILLA GRAL. MITRE,11
"PINO, Virrey del 2200",580,2200000,140250000,3793,241810,64,TERCER,BELGRANO,13
SANTO TOME 4400,300,280000,17850000,933,59500,64,TERCER,MONTE CASTRO,10
Yrigoyen,184,590000,39648000,3207,215478,67,SEGUNDO,ALMAGRO,5
Benedetti 200,264,290000,19488000,1098,73818,67,SEGUNDO,VELEZ SARSFIELD,10
Brasil,341,545000,36624000,1598,107402,67,SEGUNDO,PARQUE PATRICIOS,4
Avenida Pueyrredon al 700,207,1590000,101760000,7681,491594,64,SEGUNDO,BALVANERA,3
J. D Peron,667,1650000,105600000,2474,158321,64,SEGUNDO,BALVANERA,3
Rivadavia,624,1200000,80640000,1923,129231,67,SEGUNDO,FLORESTA,10
Paraguay,485,1600000,111200000,3297,229118,70,SEGUNDO,RETIRO,1
MILLER,130,250000,16000000,1923,123077,64,SEGUNDO,VILLA URQUIZA,12
Lugones al 3200,415,498000,31872000,1200,76800,64,SEGUNDO,VILLA URQUIZA,12
Mexico,152,300000,20850000,1974,137171,70,SEGUNDO,ALMAGRO,5
Av Lisandro de la Torre,197,310000,21545000,1574,109365,70,SEGUNDO,LINIERS,9
RIVADAVIA 5300,4900,2400000,192000000,490,39184,80,CUARTO,CABALLITO,6
Marcos Paz,401,345000,22080000,860,55062,64,SEGUNDO,MONTE CASTRO,10
BOLIVAR 1120,134,440000,35200000,3284,262687,80,CUARTO,SAN TELMO,1
Luis Saenz Peña,516,1780650,123755175,3452,239915,70,SEGUNDO,CONSTITUCION,1
DR JOSE I. DE LA ROSA 6936,324,129900,9028050,401,27864,70,SEGUNDO,VILLA LUGANO,8
"LAMAS, ANDRES",364,460000,29440000,1264,80879,64,SEGUNDO,VILLA GRAL. MITRE,11
CORDOBA,520,3450000,231840000,6635,445846,67,SEGUNDO,PALERMO,14
Terrada 1580,226,399000,27730500,1765,122701,70,SEGUNDO,VILLA SANTA RITA,11
General Eugenio Garzón 3882,252,222000,14918400,881,59200,67,SEGUNDO,PARQUE AVELLANEDA,9
Castillo,169,370000,23680000,2189,140118,64,SEGUNDO,VILLA CRESPO,15
Acoyte 1300,121,380000,26410000,3140,218264,70,SEGUNDO,VILLA CRESPO,15
Pedro Moran al 3600,337,700000,47040000,2077,139585,67,SEGUNDO,VILLA DEVOTO NORTE,11
Darwin,182,450000,30240000,2473,166154,67,SEGUNDO,VILLA CRESPO,15
Cnel P Murguiondo,419,575000,36800000,1372,87828,64,SEGUNDO,LINIERS,9
PADILLA MANUEL,182,430000,29885000,2363,164203,70,SEGUNDO,VILLA URQUIZA,12
QUESADA,119,260000,18070000,2185,151849,70,SEGUNDO,VILLA URQUIZA,12
PUAN,220,640000,43008000,2909,195491,67,SEGUNDO,PARQUE CHACABUCO,7
JUJUY 200,233,650000,41437500,2790,177843,64,PRIMER,BALVANERA,3
BAEZ 300,238,790000,50362500,3319,211607,64,TERCER,PALERMO,14
"NEWBERY, JORGE 4500",270,530000,33787500,1963,125139,64,PRIMER,CHACARITA,15
Av. Regimiento de Patricios al 1600,413,600000,40320000,1453,97627,67,SEGUNDO,BARRACAS ESTE,4
Av B Rivadavia,1725,6000000,403200000,3478,233739,67,SEGUNDO,BALVANERA,3
DE LOS CONSTITUYENTES,70,165000,10560000,2357,150857,64,SEGUNDO,VILLA URQUIZA,12
AZURDUY JUANA 1800,321,1000000,63750000,3115,198598,64,PRIMER,NUÑEZ,13
Av. Caseros,1000,2700000,187650000,2700,187650,70,SEGUNDO,CONSTITUCION,1
Suiza,210,300000,20160000,1429,96000,67,SEGUNDO,VILLA GRAL. MITRE,11
Virrey Aviles,250,710000,45440000,2840,181760,64,SEGUNDO,COLEGIALES,13
PADILLA 500,306,1300000,87360000,4248,285490,67,SEGUNDO,VILLA CRESPO,15
Apolinario Figueroa al 1100,500,570000,36480000,1140,72960,64,SEGUNDO,CABALLITO,6
Zañartu 400,124,170000,11815000,1371,95282,70,SEGUNDO,PARQUE CHACABUCO,7
Barzana al 1200,704,1650000,110880000,2344,157500,67,SEGUNDO,PARQUE CHAS,15
Blanco Encalada al 1500,330,2000000,134400000,6061,407273,67,SEGUNDO,NUÑEZ,13
Beron de Astrada al 3200,9969,4650000,312480000,466,31345,67,SEGUNDO,VILLA SOLDATI,8
MANSILLA,93,620000,39680000,6667,426667,64,SEGUNDO,RECOLETA,2
Nogoya al 4000,326,590000,41005000,1810,125782,70,SEGUNDO,VILLA DEVOTO SUR,11
GAONA,189,950000,66025000,5026,349339,70,SEGUNDO,CABALLITO,6
PADILLA,145,496000,31744000,3421,218924,64,SEGUNDO,VILLA CRESPO,15
ARROTEA 600,247,190000,15200000,769,61538,80,CUARTO,FLORES SUR,7
Vera 700,330,1000000,67200000,3030,203636,67,SEGUNDO,VILLA CRESPO,15
bolivar al 400,1020,1600000,111200000,1569,109020,70,SEGUNDO,MONTSERRAT,1
Tronador,940,850000,54400000,904,57872,64,SEGUNDO,COGHLAN,12
Ezeiza,175,290000,19488000,1657,111360,67,SEGUNDO,VILLA PUEYRREDON,12
Av Melian 3300,163,550000,38225000,3374,234509,70,SEGUNDO,COGHLAN,12
PEDRO LOZANO,358,620000,41664000,1734,116510,67,SEGUNDO,VILLA DEL PARQUE,11
SANTO TOME 5000,140,180000,11475000,1286,81964,64,TERCER,MONTE CASTRO,10
Pavón al 2700,148,295000,19824000,1993,133946,67,SEGUNDO,SAN CRISTOBAL,3
CAAGUAZU 7063,152,180000,14400000,1184,94737,80,CUARTO,LINIERS,9
Mariano Acha,225,380000,24320000,1689,108089,64,SEGUNDO,VILLA URQUIZA,12
Cap J G Bermudez,246,275000,19112500,1116,77567,70,SEGUNDO,MONTE CASTRO,10
Martinez Rosas al 1100,289,680000,47260000,2353,163529,70,SEGUNDO,VILLA CRESPO,15
Holmberg,182,360000,24192000,1978,132923,67,SEGUNDO,VILLA URQUIZA,12
AV. EVA PERON,156,340000,21760000,2179,139487,64,SEGUNDO,PARQUE AVELLANEDA,9
Av. Colonia,225,350000,23520000,1556,104533,67,SEGUNDO,PARQUE PATRICIOS,4
Dean Funes 1000,306,490000,31360000,1601,102484,64,SEGUNDO,SAN CRISTOBAL,3
White,367,230000,15985000,627,43556,70,SEGUNDO,SAN NICOLAS,1
Concepción Arenal,192,249500,15968000,1297,82981,64,SEGUNDO,CHACARITA,15
Avda. Belgrano,900,1300000,87360000,1444,97067,67,SEGUNDO,ALMAGRO,5
M Fraga,762,1600000,102400000,2100,134383,64,SEGUNDO,VILLA ORTUZAR,15
Arribeños y Manzanares,114,1050000,67200000,9211,589474,64,SEGUNDO,NUÑEZ,13
Jose Cubas,182,260000,18070000,1429,99286,70,SEGUNDO,VILLA PUEYRREDON,12
VENEZUELA 3300,400,900000,57375000,2250,143438,64,PRIMER,BALVANERA,3
CHILE,315,420000,26880000,1333,85333,64,SEGUNDO,BALVANERA,3
CORRIENTES,1091,3950000,265440000,3621,243300,67,SEGUNDO,ALMAGRO,5
Av A Alvarez Jonte 4171/77,395,500000,33600000,1267,85128,67,SEGUNDO,MONTE CASTRO,10
CONSTITUYENTES,252,590000,39648000,2341,157333,67,SEGUNDO,AGRONOMIA,15
Av. Lope de Vega al 2600,411,750000,48000000,1825,116788,64,SEGUNDO,VILLA REAL,10
DEHEZA al 2800,147,618000,39552000,4204,269061,64,SEGUNDO,SAAVEDRA,12
ACOYTE,300,1980000,126720000,6600,422400,64,SEGUNDO,CABALLITO,6
Baigorri/Enrique Finochietto y Av Amancio Alcorta,1277,900000,57600000,705,45106,64,SEGUNDO,BARRACAS ESTE,4
Av Saenz,284,450000,28800000,1585,101408,64,SEGUNDO,NUEVA POMPEYA,4
M Fernandez,315,440000,29568000,1399,93989,67,SEGUNDO,SAAVEDRA,12
DIAZ VELEZ,1287,3700000,248640000,2875,193193,67,SEGUNDO,CABALLITO,6
DEHEZA,900,398500,25504000,443,28338,64,SEGUNDO,SAAVEDRA,12
Escalada 1600,1057,1650000,110880000,1561,104901,67,SEGUNDO,MATADEROS,9
Manuel Ugarte  2900,386,1100000,73920000,2850,191503,67,SEGUNDO,BELGRANO,13
Tonelero,255,260000,18070000,1020,70863,70,SEGUNDO,LINIERS,9
Avda.Entre Ríos 1056,504,1440000,92160000,2857,182857,64,SEGUNDO,BALVANERA,3
ENTRE RIOS 100,800,1200000,96000000,1500,120000,80,CUARTO,MONTSERRAT,1
LOYOLA,435,690000,44160000,1586,101517,64,SEGUNDO,VILLA CRESPO,15
Av. Scalabrini Ortiz al 1000,450,2800000,188160000,6222,418133,67,SEGUNDO,VILLA CRESPO,15
Garibaldi,950,500000,33600000,526,35368,67,SEGUNDO,BOCA,4
Rivas 2400,515,495000,31680000,961,61515,64,SEGUNDO,VILLA DEL PARQUE,11
Valentin Gomez al 2800,14303,7000000,448000000,489,31322,64,SEGUNDO,BALVANERA,3
Donado,133,360000,24192000,2707,181895,67,SEGUNDO,VILLA ORTUZAR,15
Paysandú 449,217,475000,30400000,2189,140092,64,SEGUNDO,CABALLITO,6
Castro Barros al 700,264,900000,60480000,3409,229091,67,SEGUNDO,BOEDO,5
FONROUGE 1300,610,250000,15937500,410,26127,64,PRIMER,MATADEROS,9
Honduras,188,1300000,83200000,6915,442553,64,SEGUNDO,PALERMO,14
DIAZ VELEZ,1287,3700000,257150000,2875,199806,70,SEGUNDO,CABALLITO,6
Espinosa 1500,350,415000,26560000,1186,75886,64,SEGUNDO,CABALLITO,6
Gral B Victorica,175,380000,25536000,2171,145920,67,SEGUNDO,PARQUE CHAS,15
TUCUMAN,232,650000,45175000,2802,194720,70,SEGUNDO,ALMAGRO,5
SAN BLAS,460,390000,24960000,848,54261,64,SEGUNDO,VELEZ SARSFIELD,10
"GARAY, JUAN DE 3776",855,2400000,192000000,2807,224561,80,CUARTO,BOEDO,5
Washington,375,870000,60465000,2320,161240,70,SEGUNDO,BELGRANO,13
Manuela Pedraza 3400,304,470000,32665000,1546,107451,70,SEGUNDO,COGHLAN,12
Ituzaingo,295,250000,16000000,847,54237,64,SEGUNDO,CONSTITUCION,1
Paraguay al 4800,331,1490000,95360000,4502,288097,64,SEGUNDO,PALERMO,14
"FIGUEROA, APOLINARIO, CNEL. al 200",294,479000,30656000,1629,104272,64,SEGUNDO,VILLA CRESPO,15
Achával,175,385000,26757500,2200,152900,70,SEGUNDO,CABALLITO,6
Humberto Primo al 3000,700,700000,47040000,1000,67200,67,SEGUNDO,SAN CRISTOBAL,3
ROMA,412,390000,24960000,947,60583,64,SEGUNDO,VERSALLES,10
Tucuman,302,850000,54400000,2815,180132,64,SEGUNDO,BALVANERA,3
ZARRAGA 3800,258,800000,51200000,3101,198450,64,SEGUNDO,VILLA ORTUZAR,15
COCHABAMBA,870,1200000,83400000,1379,95862,70,SEGUNDO,CONSTITUCION,1
Directorio al 3800,179,362000,23168000,2022,129430,64,SEGUNDO,PARQUE AVELLANEDA,9
LOYOLA,351,960000,64512000,2735,183795,67,SEGUNDO,VILLA CRESPO,15
PARAGUAY,185,1500000,96000000,8108,518919,64,SEGUNDO,RETIRO,1
Av. Lope de Vega,227,650000,41600000,2863,183260,64,SEGUNDO,VILLA LURO,10
CURAPALIGUE 400,141,638000,40672500,4525,288457,64,TERCER,FLORES NORTE,7
"GARAY, JUAN DE 3800",159,490000,31237500,3082,196462,64,PRIMER,BOEDO,5
VERA,208,850000,54400000,4087,261538,64,SEGUNDO,VILLA CRESPO,15
Araoz al 1500,682,600000,38400000,880,56305,64,SEGUNDO,PALERMO,14
"DIRECTORIO, AVDA.",244,460000,29440000,1885,120656,64,SEGUNDO,CABALLITO,6
Av F De Olazabal,248,765000,51408000,3085,207290,67,SEGUNDO,VILLA URQUIZA,12
Castillo 1156/54/50,1102,2590000,174048000,2350,157938,67,SEGUNDO,VILLA CRESPO,15
Sanchez de Loria,337,550000,36960000,1632,109674,67,SEGUNDO,BOEDO,5
Cochabamba al 1300,432,295000,19824000,683,45889,67,SEGUNDO,CONSTITUCION,1
BELGRANO 2950,320,1800000,114750000,5625,358594,64,PRIMER,BALVANERA,3
Salmun Feijoo al 1000,426,295000,18880000,692,44319,64,SEGUNDO,BARRACAS ESTE,4
YAPEYU 600,303,600000,38250000,1980,126238,64,TERCER,ALMAGRO,5
PIZARRO,172,203000,14108500,1180,82026,70,SEGUNDO,VILLA LURO,10
Piran,260,380000,24320000,1462,93538,64,SEGUNDO,VILLA URQUIZA,12
Mexico,449,700000,47040000,1559,104766,67,SEGUNDO,BALVANERA,3
TANDIL 2500,507,550000,38225000,1085,75394,70,SEGUNDO,FLORES SUR,7
BERON DE ASTRADA 3200,9969,4650000,372000000,466,37316,80,CUARTO,VILLA SOLDATI,8
Llavallol al 3300,956,1600000,102400000,1674,107113,64,SEGUNDO,VILLA DEL PARQUE,11
Donizetti,202,515000,34608000,2550,171327,67,SEGUNDO,VILLA LURO,10
RODRIGUEZ PEÑA,147,949000,63772800,6456,433829,67,SEGUNDO,SAN NICOLAS,1
Ramallo,386,750000,48000000,1943,124352,64,SEGUNDO,NUÑEZ,13
Ensenada 488,284,380000,25536000,1338,89915,67,SEGUNDO,VILLA SANTA RITA,11
Matienzo,407,1000000,69500000,2457,170762,70,SEGUNDO,PALERMO,14
Colombres al 100,458,1600000,111200000,3493,242795,70,SEGUNDO,ALMAGRO,5
E. Cnel. Bonorino al 3200,253,180000,11520000,711,45534,64,SEGUNDO,NUEVA POMPEYA,4
Triunvirato,416,2600000,166400000,6250,400000,64,SEGUNDO,VILLA URQUIZA,12
LOYOLA 200,260,880000,59136000,3385,227446,67,SEGUNDO,VILLA CRESPO,15
Tandil,234,460000,30912000,1966,132103,67,SEGUNDO,PARQUE AVELLANEDA,9
"JUSTO, JUAN B. 5000",7300,2800000,224000000,384,30685,80,CUARTO,VILLA GRAL. MITRE,11
Uruguay,1117,4200000,282240000,3760,252677,67,SEGUNDO,SAN NICOLAS,1
DE PAULA Y RODRIGUEZ ALVES,190,255000,17136000,1342,90189,67,SEGUNDO,LINIERS,9
RAULET,347,430000,29885000,1239,86124,70,SEGUNDO,NUEVA POMPEYA,4
ZINNY 1400,75,110000,7012500,1467,93500,64,PRIMER,PARQUE AVELLANEDA,9
CESAR DÍAZ,520,330000,22176000,635,42646,67,SEGUNDO,VELEZ SARSFIELD,10
GRANADEROS,390,650000,45175000,1667,115833,70,SEGUNDO,FLORES NORTE,7
Avenida Belgrano al 3200,300,630000,40320000,2100,134400,64,SEGUNDO,BALVANERA,3
SAN JOSE,257,300000,19200000,1167,74708,64,SEGUNDO,CONSTITUCION,1
VALDENEGRO 3300,137,220000,17600000,1606,128467,80,CUARTO,VILLA URQUIZA,12
BENEDETTI,571,620000,43090000,1086,75464,70,SEGUNDO,VELEZ SARSFIELD,10
LOYOLA,235,790000,50560000,3362,215149,64,SEGUNDO,VILLA CRESPO,15
CHARLONE 1900,216,280000,22400000,1296,103704,80,CUARTO,VILLA ORTUZAR,15
CORRIENTES,1232,3200000,204800000,2597,166234,64,SEGUNDO,VILLA CRESPO,15
Fragueiro y Juan B. Justo,276,220000,15290000,797,55399,70,SEGUNDO,VERSALLES,10
GRIVEO al 2700,370,280000,17920000,757,48432,64,SEGUNDO,VILLA PUEYRREDON,12
Terreno en Venta Ramallo al 4200,115,290000,18560000,2522,161391,64,SEGUNDO,SAAVEDRA,12
COCHRANE,460,410000,27552000,891,59896,67,SEGUNDO,VILLA PUEYRREDON,12
DARWIN,331,1250000,86875000,3776,262462,70,SEGUNDO,VILLA CRESPO,15
Bermudez 1700,253,310000,20832000,1225,82340,67,SEGUNDO,MONTE CASTRO,10
SAENZ 1400,3000,2650000,168937500,883,56312,64,PRIMER,NUEVA POMPEYA,4
Pedro Chutro,123,250000,16000000,2038,130431,64,SEGUNDO,PARQUE PATRICIOS,4
ELCANO,119,165000,10560000,1387,88739,64,SEGUNDO,PATERNAL,15
Anibal Arbeletche,168,230000,15456000,1369,92000,67,SEGUNDO,NUEVA POMPEYA,4
"CALVO, CARLOS 1600",396,380000,24225000,960,61174,64,PRIMER,CONSTITUCION,1
Maza,39,75000,5212500,1923,133654,70,SEGUNDO,BOEDO,5
DE LOS CONSTITUYENTES,752,780000,49920000,1037,66383,64,SEGUNDO,VILLA PUEYRREDON,12
F Bucarelli,259,450000,28800000,1737,111197,64,SEGUNDO,PARQUE CHAS,15
Manuela Pedraza 4473/ al 4400,360,650000,43680000,1806,121333,67,SEGUNDO,VILLA URQUIZA,12
SEGUROLA 600,284,430000,27412500,1514,96523,64,TERCER,FLORESTA,10
Av. La Plata,374,1350000,86400000,3610,231016,64,SEGUNDO,CABALLITO,6
DON BOSCO 4100,696,430000,27412500,618,39386,64,PRIMER,ALMAGRO,5
CAMARONES,543,670000,42880000,1234,78969,64,SEGUNDO,PATERNAL,15
"ALVAREZ, JULIAN",150,549000,35136000,3660,234240,64,SEGUNDO,VILLA CRESPO,15
Del Barco Centenera,1192,7200000,460800000,6040,386577,64,SEGUNDO,CABALLITO,6
Virrey Loreto esq Alvarez Thomas,213,539000,36220800,2531,170051,67,SEGUNDO,CHACARITA,15
P Carrasco,168,339000,23560500,2018,140241,70,SEGUNDO,VELEZ SARSFIELD,10
"PEDRAZA, MANUELA 5491",133,230000,18400000,1729,138346,80,CUARTO,VILLA URQUIZA,12
NAVARRO,526,850000,54400000,1616,103422,64,SEGUNDO,VILLA DEVOTO NORTE,11
Humberto Primo,379,550000,35200000,1451,92876,64,SEGUNDO,CONSTITUCION,1
Paraguay,173,980000,62720000,5665,362543,64,SEGUNDO,PALERMO,14
